Date,Price,,,,,
3/7/24,187.67,,,,,
3/6/24,189.53,,,,,
3/5/24,188.55,,,,,
3/4/24,186.68,,,,,
3/1/24,185.29,,,,,
2/29/24,186.06,,,,,
2/28/24,184.38,,,,,
2/27/24,183.45,,,,,
2/26/24,183.36,,,,,
2/23/24,183.99,,,,,
2/22/24,183.07,,,,,
2/21/24,180.9,,,,,
2/20/24,179.73,,,,,
2/16/24,179.03,,,,,
2/15/24,179.87,,,,,
2/14/24,176.03,,,,,
2/13/24,174.26,,,,,
2/12/24,175.79,,,,,
2/9/24,175.01,,,,,
2/8/24,174.8,,,,,
2/7/24,175.43,,,,,
2/6/24,175.1,,,,,
2/5/24,174.5,,,,,
2/2/24,174.73,,,,,
2/1/24,173.73,,,,,
1/31/24,174.36,,,,,
1/30/24,176.27,,,,,
1/29/24,172.73,,,,,
1/26/24,172.28,,,,,
1/25/24,172.94,,,,,
1/24/24,170.5,,,,,
1/23/24,168.99,,,,,
1/22/24,170.11,,,,,
1/19/24,170.31,,,,,
1/18/24,167.42,,,,,
1/17/24,167.09,,,,,
1/16/24,167.99,,,,,
1/12/24,169.05,,,,,
1/11/24,170.3,,,,,
1/10/24,171.02,,,,,
1/9/24,170.66,,,,,
1/8/24,172.02,,,,,
1/5/24,172.27,,,,,
1/4/24,171.41,,,,,
1/3/24,171.33,,,,,
1/2/24,172.08,,,,,
12/29/23,170.1,,,,,
12/28/23,170.3,,,,,
12/27/23,169.4,,,,,
12/26/23,168.39,,,,,
12/22/23,167.4,,,,,
12/21/23,167.5,,,,,
12/20/23,166.55,,,,,
12/19/23,168.45,,,,,
12/18/23,166.23,,,,,
12/15/23,165.23,,,,,
12/14/23,163.99,,,,,
12/13/23,161.06,,,,,
12/12/23,160.52,,,,,
12/11/23,159.1,,,,,
12/8/23,158.52,,,,,
12/7/23,156.79,,,,,
12/6/23,156.31,,,,,
12/5/23,157.97,,,,,
12/4/23,157.99,,,,,
12/1/23,156.84,,,,,
11/30/23,156.08,,,,,
11/29/23,154.32,,,,,
11/28/23,153.54,,,,,
11/27/23,153.19,,,,,
11/24/23,153.54,,,,,
11/22/23,153.33,,,,,
11/21/23,152.97,,,,,
11/20/23,153.29,,,,,
11/17/23,152.82,,,,,
11/16/23,151.45,,,,,
11/15/23,149.74,,,,,
11/14/23,148.44,,,,,
11/13/23,145.78,,,,,
11/10/23,146.43,,,,,
11/9/23,144.29,,,,,
11/8/23,144.72,,,,,
11/7/23,144.01,,,,,
11/6/23,144.08,,,,,
11/3/23,143,,,,,
11/2/23,141.42,,,,,
11/1/23,138.94,,,,,
10/31/23,139.06,,,,,
10/30/23,137.42,,,,,
10/27/23,135.69,,,,,
10/26/23,140.76,,,,,
10/25/23,140.4,,,,,
10/24/23,141.17,,,,,
10/23/23,141,,,,,
10/20/23,142.95,,,,,
10/19/23,145.29,,,,,
10/18/23,145.91,,,,,
10/17/23,147.53,,,,,
10/16/23,147.85,,,,,
10/13/23,148,,,,,
10/12/23,145.81,,,,,
10/11/23,146.15,,,,,
10/10/23,145.65,,,,,
10/9/23,144.77,,,,,
10/6/23,145.1,,,,,
10/5/23,142.9,,,,,
10/4/23,143.35,,,,,
10/3/23,142.71,,,,,
10/2/23,143.77,,,,,
9/29/23,145.02,,,,,
9/28/23,147.59,,,,,
9/27/23,145.78,,,,,
9/26/23,144.93,,,,,
9/25/23,146.45,,,,,
9/22/23,145.73,,,,,
9/21/23,147.14,,,,,
9/20/23,148.3,,,,,
9/19/23,148.93,,,,,
9/18/23,149.12,,,,,
9/15/23,148.81,,,,,
9/14/23,149.25,,,,,
9/13/23,146.41,,,,,
9/12/23,146.34,,,,,
9/11/23,144.46,,,,,
9/8/23,143.83,,,,,
9/7/23,143.72,,,,,
9/6/23,144.96,,,,,
9/5/23,145.2,,,,,
9/1/23,146.82,,,,,
8/31/23,146.33,,,,,
8/30/23,148.16,,,,,
8/29/23,148.76,,,,,
8/28/23,147.56,,,,,
8/25/23,147.05,,,,,
8/24/23,147.23,,,,,
8/23/23,147.37,,,,,
8/22/23,146.38,,,,,
8/21/23,149.48,,,,,
8/18/23,148.97,,,,,
8/17/23,148.63,,,,,
8/16/23,150.19,,,,,
8/15/23,150.83,,,,,
8/14/23,154.77,,,,,
8/11/23,154.45,,,,,
8/10/23,153.56,,,,,
8/9/23,153.79,,,,,
8/8/23,155.88,,,,,
8/7/23,156.76,,,,,
8/4/23,156.02,,,,,
8/3/23,156.35,,,,,
8/2/23,155.4,,,,,
8/1/23,157.18,,,,,
7/31/23,157.96,,,,,
7/28/23,156.91,,,,,
7/27/23,156.02,,,,,
7/26/23,157.76,,,,,
7/25/23,156.82,,,,,
7/24/23,158,,,,,
7/21/23,154.95,,,,,
7/20/23,156.15,,,,,
7/19/23,154.25,,,,,
7/18/23,153.66,,,,,
7/17/23,153.38,,,,,
7/14/23,149.77,,,,,
7/13/23,148.87,,,,,
7/12/23,148.15,,,,,
7/11/23,147.42,,,,,
7/10/23,145.15,,,,,
7/7/23,144.34,,,,,
7/6/23,143.21,,,,,
7/5/23,144.64,,,,,
7/3/23,146.61,,,,,
6/30/23,145.44,,,,,
6/29/23,143.43,,,,,
6/28/23,138.59,,,,,
6/27/23,139.2,,,,,
6/26/23,139.19,,,,,
6/23/23,138.85,,,,,
6/22/23,139.58,,,,,
6/21/23,142.32,,,,,
6/20/23,142.53,,,,,
6/16/23,143.26,,,,,
6/15/23,143.09,,,,,
6/14/23,141.49,,,,,
6/13/23,142.02,,,,,
6/12/23,141,,,,,
6/9/23,141.01,,,,,
6/8/23,140.73,,,,,
6/7/23,140.69,,,,,
6/6/23,139.34,,,,,
6/5/23,139.09,,,,,
6/2/23,140.47,,,,,
6/1/23,137.58,,,,,
5/31/23,135.71,,,,,
5/30/23,137.46,,,,,
5/26/23,136.94,,,,,
5/25/23,135.67,,,,,
5/24/23,135.34,,,,,
5/23/23,136.59,,,,,
5/22/23,138.03,,,,,
5/19/23,139.18,,,,,
5/18/23,139.5,,,,,
5/17/23,138.45,,,,,
5/16/23,134.32,,,,,
5/15/23,135.23,,,,,
5/12/23,134.1,,,,,
5/11/23,136.05,,,,,
5/10/23,136.48,,,,,
5/9/23,136.41,,,,,
5/8/23,137.07,,,,,
5/5/23,136.74,,,,,
5/4/23,134.12,,,,,
5/3/23,135.98,,,,,
5/2/23,138.92,,,,,
5/1/23,141.2,,,,,
4/28/23,138.24,,,,,
4/27/23,137.05,,,,,
4/26/23,135.23,,,,,
4/25/23,137.67,,,,,
4/24/23,140.73,,,,,
4/21/23,140.54,,,,,
4/20/23,140.81,,,,,
4/19/23,141.22,,,,,
4/18/23,141.4,,,,,
4/17/23,139.83,,,,,
4/14/23,138.73,,,,,
4/13/23,128.99,,,,,
4/12/23,128.5,,,,,
4/11/23,128.52,,,,,
4/10/23,127.89,,,,,
4/6/23,127.47,,,,,
4/5/23,127.61,,,,,
4/4/23,128.42,,,,,
4/3/23,130.16,,,,,
3/31/23,130.31,,,,,
3/30/23,128.75,,,,,
3/29/23,129.14,,,,,
3/28/23,128.88,,,,,
3/27/23,128.49,,,,,
3/24/23,124.91,,,,,
3/23/23,126.84,,,,,
3/22/23,127.18,,,,,
3/21/23,130.55,,,,,
3/20/23,127.14,,,,,
3/17/23,125.81,,,,,
3/16/23,130.75,,,,,
3/15/23,128.26,,,,,
3/14/23,134.62,,,,,
3/13/23,131.25,,,,,
3/10/23,133.65,,,,,
3/9/23,130.34,,,,,
3/8/23,137.8,,,,,
3/7/23,138.62,,,,,
3/6/23,142.82,,,,,
3/3/23,143.66,,,,,
3/2/23,141.07,,,,,
3/1/23,142.55,,,,,
2/28/23,143.35,,,,,
2/27/23,142.16,,,,,
2/24/23,140.93,,,,,
2/23/23,139.67,,,,,
2/22/23,138.56,,,,,
2/21/23,139.63,,,,,
2/17/23,142.24,,,,,
2/16/23,141.82,,,,,
2/15/23,143.8,,,,,
2/14/23,143.2,,,,,
2/13/23,142.57,,,,,
2/10/23,141.04,,,,,
2/9/23,140.42,,,,,
2/8/23,142.64,,,,,
2/7/23,143.65,,,,,
2/6/23,141.92,,,,,
2/3/23,141.09,,,,,
2/2/23,138.94,,,,,
2/1/23,139.59,,,,,
1/31/23,139.96,,,,,
1/30/23,139.13,,,,,
1/27/23,140.32,,,,,
1/26/23,139.98,,,,,
1/25/23,139.12,,,,,
1/24/23,138.45,,,,,
1/23/23,137.27,,,,,
1/20/23,135.08,,,,,
1/19/23,134.75,,,,,
1/18/23,136.57,,,,,
1/17/23,140.8,,,,,
1/13/23,143.01,,,,,
1/12/23,139.49,,,,,
1/11/23,139.63,,,,,
1/10/23,138.6,,,,,
1/9/23,137.37,,,,,
1/6/23,137.94,,,,,
1/5/23,135.35,,,,,
1/4/23,136.38,,,,,
1/3/23,135.12,,,,,
12/30/22,134.1,,,,,
12/29/22,133.22,,,,,
12/28/22,132.46,,,,,
12/27/22,131.74,,,,,
12/23/22,131.28,,,,,
12/22/22,130.66,,,,,
12/21/22,132.16,,,,,
12/20/22,130.69,,,,,
12/19/22,130.06,,,,,
12/16/22,129.29,,,,,
12/15/22,130.1,,,,,
12/14/22,133.41,,,,,
12/13/22,134.08,,,,,
12/12/22,134.21,,,,,
12/9/22,132.16,,,,,
12/8/22,132.88,,,,,
12/7/22,131.5,,,,,
12/6/22,131.59,,,,,
12/5/22,131.37,,,,,
12/2/22,135.16,,,,,
12/1/22,136.24,,,,,
11/30/22,138.18,,,,,
11/29/22,136.56,,,,,
11/28/22,134.35,,,,,
11/25/22,136.74,,,,,
11/23/22,136.48,,,,,
11/22/22,135.04,,,,,
11/21/22,133.05,,,,,
11/18/22,133.84,,,,,
11/17/22,132.54,,,,,
11/16/22,133.12,,,,,
11/15/22,132.94,,,,,
11/14/22,133.91,,,,,
11/11/22,135.3,,,,,
11/10/22,135.08,,,,,
11/9/22,129.74,,,,,
11/8/22,131.45,,,,,
11/7/22,131.37,,,,,
11/4/22,130.68,,,,,
11/3/22,127.2,,,,,
11/2/22,126.97,,,,,
11/1/22,128.15,,,,,
10/31/22,125.88,,,,,
10/28/22,126.08,,,,,
10/27/22,124.6,,,,,
10/26/22,124.11,,,,,
10/25/22,122.7,,,,,
10/24/22,122.38,,,,,
10/21/22,122.23,,,,,
10/20/22,116.13,,,,,
10/19/22,116.51,,,,,
10/18/22,118.84,,,,,
10/17/22,115.86,,,,,
10/14/22,111.19,,,,,
10/13/22,109.37,,,,,
10/12/22,103.61,,,,,
10/11/22,101.96,,,,,
10/10/22,104.99,,,,,
10/7/22,105.98,,,,,
10/6/22,108.14,,,,,
10/5/22,110.39,,,,,
10/4/22,112.77,,,,,
10/3/22,107.73,,,,,
9/30/22,104.5,,,,,
9/29/22,106.16,,,,,
9/28/22,107.99,,,,,
9/27/22,105.85,,,,,
9/26/22,106.79,,,,,
9/23/22,109.14,,,,,
9/22/22,111.21,,,,,
9/21/22,112.49,,,,,
9/20/22,115.83,,,,,
9/19/22,118.16,,,,,
9/16/22,117.08,,,,,
9/15/22,117.87,,,,,
9/14/22,116.12,,,,,
9/13/22,116.39,,,,,
9/12/22,120.58,,,,,
9/9/22,119.17,,,,,
9/8/22,118.6,,,,,
9/7/22,115.9,,,,,
9/6/22,113.74,,,,,
9/2/22,113.71,,,,,
9/1/22,114.51,,,,,
8/31/22,113.73,,,,,
8/30/22,114.41,,,,,
8/29/22,114.39,,,,,
8/26/22,114.67,,,,,
8/25/22,118.55,,,,,
8/24/22,115.8,,,,,
8/23/22,115.52,,,,,
8/22/22,116.67,,,,,
8/19/22,118.63,,,,,
8/18/22,121.64,,,,,
8/17/22,122.59,,,,,
8/16/22,123.63,,,,,
8/15/22,122.46,,,,,
8/12/22,122.13,,,,,
8/11/22,120.14,,,,,
8/10/22,118.39,,,,,
8/9/22,115.38,,,,,
8/8/22,114.35,,,,,
8/5/22,115.76,,,,,
8/4/22,112.36,,,,,
8/3/22,113.61,,,,,
8/2/22,112.43,,,,,
8/1/22,114.21,,,,,
7/29/22,115.36,,,,,
7/28/22,114.81,,,,,
7/27/22,115.24,,,,,
7/26/22,113.42,,,,,
7/25/22,115.22,,,,,
7/22/22,114.76,,,,,
7/21/22,115.32,,,,,
7/20/22,114.54,,,,,
7/19/22,114.56,,,,,
7/18/22,111.79,,,,,
7/15/22,112.95,,,,,
7/14/22,108,,,,,
7/13/22,111.91,,,,,
7/12/22,112.97,,,,,
7/11/22,112.86,,,,,
7/8/22,114.36,,,,,
7/7/22,114.72,,,,,
7/6/22,111.89,,,,,
7/5/22,112.62,,,,,
7/1/22,114.05,,,,,
6/30/22,112.61,,,,,
6/29/22,115.3,,,,,
6/28/22,115.82,,,,,
6/27/22,116.38,,,,,
6/24/22,117.32,,,,,
6/23/22,113.92,,,,,
6/22/22,115.18,,,,,
6/21/22,115.83,,,,,
6/17/22,113.03,,,,,
6/16/22,113.43,,,,,
6/15/22,115.41,,,,,
6/14/22,114.06,,,,,
6/13/22,115.99,,,,,
6/10/22,119.55,,,,,
6/9/22,125.31,,,,,
6/8/22,128,,,,,
6/7/22,130.07,,,,,
6/6/22,129.73,,,,,
6/3/22,130.16,,,,,
6/2/22,132,,,,,
6/1/22,129.91,,,,,
5/31/22,132.23,,,,,
5/27/22,131.27,,,,,
5/26/22,129.44,,,,,
5/25/22,127.24,,,,,
5/24/22,126.36,,,,,
5/23/22,124.6,,,,,
5/20/22,117.34,,,,,
5/19/22,118.31,,,,,
5/18/22,120.09,,,,,
5/17/22,122.18,,,,,
5/16/22,118.26,,,,,
5/13/22,119.09,,,,,
5/12/22,118.04,,,,,
5/11/22,118.14,,,,,
5/10/22,118.89,,,,,
5/9/22,121.86,,,,,
5/6/22,123.72,,,,,
5/5/22,123.92,,,,,
5/4/22,127.1,,,,,
5/3/22,123.03,,,,,
5/2/22,120.45,,,,,
4/29/22,119.36,,,,,
4/28/22,123.34,,,,,
4/27/22,121.42,,,,,
4/26/22,123.02,,,,,
4/25/22,126.77,,,,,
4/22/22,126.81,,,,,
4/21/22,130.56,,,,,
4/20/22,131.58,,,,,
4/19/22,131.12,,,,,
4/18/22,128.46,,,,,
4/14/22,126.12,,,,,
4/13/22,127.3,,,,,
4/12/22,131.54,,,,,
4/11/22,133,,,,,
4/8/22,133.49,,,,,
4/7/22,131.09,,,,,
4/6/22,131.49,,,,,
4/5/22,133.34,,,,,
4/4/22,135.91,,,,,
4/1/22,135.31,,,,,
3/31/22,136.32,,,,,
3/30/22,140.54,,,,,
3/29/22,141.18,,,,,
3/28/22,140.87,,,,,
3/25/22,141.92,,,,,
3/24/22,140.69,,,,,
3/23/22,139.78,,,,,
3/22/22,142.62,,,,,
3/21/22,139.65,,,,,
3/18/22,140.1,,,,,
3/17/22,140.15,,,,,
3/16/22,138.4,,,,,
3/15/22,132.48,,,,,
3/14/22,130.17,,,,,
3/11/22,128.89,,,,,
3/10/22,131.86,,,,,
3/9/22,133.44,,,,,
3/8/22,128.3,,,,,
3/7/22,129.21,,,,,
3/4/22,134.4,,,,,
3/3/22,138.29,,,,,
3/2/22,139.28,,,,,
3/1/22,136.45,,,,,
2/28/22,141.8,,,,,
2/25/22,147.97,,,,,
2/24/22,144.55,,,,,
2/23/22,148.69,,,,,
2/22/22,151.87,,,,,
2/18/22,152.14,,,,,
2/17/22,151.43,,,,,
2/16/22,155,,,,,
2/15/22,154.72,,,,,
2/14/22,152.49,,,,,
2/11/22,153.92,,,,,
2/10/22,155.95,,,,,
2/9/22,156.6,,,,,
2/8/22,155.95,,,,,
2/7/22,153.07,,,,,
2/4/22,152.56,,,,,
2/3/22,148.7,,,,,
2/2/22,149.94,,,,,
2/1/22,151.15,,,,,
1/31/22,148.6,,,,,
1/28/22,146.61,,,,,
1/27/22,145.31,,,,,
1/26/22,147.92,,,,,
1/25/22,146.53,,,,,
1/24/22,144.95,,,,,
1/21/22,145.08,,,,,
1/20/22,147.66,,,,,
1/19/22,148.93,,,,,
1/18/22,151.27,,,,,
1/14/22,157.89,,,,,
1/13/22,168.23,,,,,
1/12/22,168.44,,,,,
1/11/22,167.49,,,,,
1/10/22,167.32,,,,,
1/7/22,167.16,,,,,
1/6/22,165.52,,,,,
1/5/22,163.78,,,,,
1/4/22,167.83,,,,,
1/3/22,161.7,,,,,
12/31/21,158.35,,,,,
12/30/21,158.48,,,,,
12/29/21,158.56,,,,,
12/28/21,158.64,,,,,
12/27/21,158.16,,,,,
12/23/21,157.26,,,,,
12/22/21,156.7,,,,,
12/21/21,156.09,,,,,
12/20/21,153.94,,,,,
12/17/21,156.76,,,,,
12/16/21,160.41,,,,,
12/15/21,157.94,,,,,
12/14/21,159.13,,,,,
12/13/21,157.92,,,,,
12/10/21,159.82,,,,,
12/9/21,160.46,,,,,
12/8/21,160.71,,,,,
12/7/21,162.57,,,,,
12/6/21,160.16,,,,,
12/3/21,158.29,,,,,
12/2/21,161.21,,,,,
12/1/21,157.89,,,,,
11/30/21,158.83,,,,,
11/29/21,161.23,,,,,
11/26/21,161.93,,,,,
11/24/21,166.96,,,,,
11/23/21,168.28,,,,,
11/22/21,164.35,,,,,
11/19/21,160.92,,,,,
11/18/21,163.05,,,,,
11/17/21,164.47,,,,,
11/16/21,165.36,,,,,
11/15/21,166.56,,,,,
11/12/21,166.86,,,,,
11/11/21,167.61,,,,,
11/10/21,167.62,,,,,
11/9/21,167.78,,,,,
11/8/21,169.06,,,,,
11/5/21,168.05,,,,,
11/4/21,168.29,,,,,
11/3/21,170.53,,,,,
11/2/21,170.47,,,,,
11/1/21,169.8,,,,,
10/29/21,169.89,,,,,
10/28/21,170.36,,,,,
10/27/21,167.83,,,,,
10/26/21,171.4,,,,,
10/25/21,170.94,,,,,
10/22/21,171.78,,,,,
10/21/21,169.5,,,,,
10/20/21,170.84,,,,,
10/19/21,168.57,,,,,
10/18/21,166.55,,,,,
10/15/21,166.61,,,,,
10/14/21,163.47,,,,,
10/13/21,161,,,,,
10/12/21,165.36,,,,,
10/11/21,166.64,,,,,
10/8/21,170.22,,,,,
10/7/21,170.09,,,,,
10/6/21,169.02,,,,,
10/5/21,168.66,,,,,
10/4/21,166.95,,,,,
10/1/21,167.13,,,,,
9/30/21,163.69,,,,,
9/29/21,165.95,,,,,
9/28/21,166.08,,,,,
9/27/21,166.98,,,,,
9/24/21,163.04,,,,,
9/23/21,161.18,,,,,
9/22/21,155.91,,,,,
9/21/21,152.98,,,,,
9/20/21,152.96,,,,,
9/17/21,157.68,,,,,
9/16/21,158.09,,,,,
9/15/21,158.16,,,,,
9/14/21,157.07,,,,,
9/13/21,159.86,,,,,
9/10/21,157.36,,,,,
9/9/21,159.19,,,,,
9/8/21,158.5,,,,,
9/7/21,159.21,,,,,
9/3/21,159.49,,,,,
9/2/21,160.46,,,,,
9/1/21,159.72,,,,,
8/31/21,159.95,,,,,
8/30/21,160.44,,,,,
8/27/21,163.05,,,,,
8/26/21,161.75,,,,,
8/25/21,160.92,,,,,
8/24/21,157.67,,,,,
8/23/21,156.7,,,,,
8/20/21,154.72,,,,,
8/19/21,154.28,,,,,
8/18/21,155.58,,,,,
8/17/21,157.01,,,,,
8/16/21,158.93,,,,,
8/13/21,159.98,,,,,
8/12/21,161.79,,,,,
8/11/21,161.16,,,,,
8/10/21,159.26,,,,,
8/9/21,157.33,,,,,
8/6/21,157.5,,,,,
8/5/21,153.15,,,,,
8/4/21,151.24,,,,,
8/3/21,152.89,,,,,
8/2/21,151.17,,,,,
7/30/21,151.78,,,,,
7/29/21,153,,,,,
7/28/21,151.7,,,,,
7/27/21,151.45,,,,,
7/26/21,151.65,,,,,
7/23/21,150.64,,,,,
7/22/21,150.93,,,,,
7/21/21,152.86,,,,,
7/20/21,149.71,,,,,
7/19/21,146.97,,,,,
7/16/21,151.91,,,,,
7/15/21,155.46,,,,,
7/14/21,155.12,,,,,
7/13/21,155.65,,,,,
7/12/21,158,,,,,
7/9/21,155.77,,,,,
7/8/21,150.94,,,,,
7/7/21,153.59,,,,,
7/6/21,153.41,,,,,
7/2/21,156.03,,,,,
7/1/21,157.08,,,,,
6/30/21,155.54,,,,,
6/29/21,154.14,,,,,
6/28/21,154.33,,,,,
6/25/21,154.05,,,,,
6/24/21,152.51,,,,,
6/23/21,151.12,,,,,
6/22/21,150.21,,,,,
6/21/21,150.43,,,,,
6/18/21,147.92,,,,,
6/17/21,151.76,,,,,
6/16/21,156.27,,,,,
6/15/21,155.18,,,,,
6/14/21,157.57,,,,,
6/11/21,160.29,,,,,
6/10/21,160.4,,,,,
6/9/21,162.94,,,,,
6/8/21,165,,,,,
6/7/21,165.66,,,,,
6/4/21,166.44,,,,,
6/3/21,166.17,,,,,
6/2/21,166.06,,,,,
6/1/21,166.05,,,,,
5/28/21,164.24,,,,,
5/27/21,164.35,,,,,
5/26/21,161.83,,,,,
5/25/21,161.85,,,,,
5/24/21,163.54,,,,,
5/21/21,162.66,,,,,
5/20/21,160.83,,,,,
5/19/21,161.11,,,,,
5/18/21,162.35,,,,,
5/17/21,164.67,,,,,
5/14/21,164.01,,,,,
5/13/21,161.5,,,,,
5/12/21,157.45,,,,,
5/11/21,158.54,,,,,
5/10/21,161.22,,,,,
5/7/21,161.24,,,,,
5/6/21,160.69,,,,,
5/5/21,157.52,,,,,
5/4/21,155.48,,,,,
5/3/21,153.36,,,,,
4/30/21,153.81,,,,,
4/29/21,155.19,,,,,
4/28/21,152.23,,,,,
4/27/21,151.25,,,,,
4/26/21,150.56,,,,,
4/23/21,150.19,,,,,
4/22/21,147.37,,,,,
4/21/21,150.54,,,,,
4/20/21,149.27,,,,,
4/19/21,152.65,,,,,
4/16/21,153.3,,,,,
4/15/21,152.17,,,,,
4/14/21,151.21,,,,,
4/13/21,154.09,,,,,
4/12/21,155.95,,,,,
4/9/21,156.28,,,,,
4/8/21,155.12,,,,,
4/7/21,154.93,,,,,
4/6/21,152.54,,,,,
4/5/21,153.62,,,,,
4/1/21,153.71,,,,,
3/31/21,152.23,,,,,
3/30/21,154.48,,,,,
3/29/21,152.68,,,,,
3/26/21,155.09,,,,,
3/25/21,152.55,,,,,
3/24/21,150.62,,,,,
3/23/21,149.46,,,,,
3/22/21,150.97,,,,,
3/19/21,155.14,,,,,
3/18/21,157.65,,,,,
3/17/21,155.09,,,,,
3/16/21,153.51,,,,,
3/15/21,155.37,,,,,
3/12/21,156.15,,,,,
3/11/21,154.32,,,,,
3/10/21,155.13,,,,,
3/9/21,151.83,,,,,
3/8/21,152.91,,,,,
3/5/21,150.91,,,,,
3/4/21,150.56,,,,,
3/3/21,152.91,,,,,
3/2/21,150.01,,,,,
3/1/21,150.5,,,,,
2/26/21,147.17,,,,,
2/25/21,151.18,,,,,
2/24/21,153.26,,,,,
2/23/21,150.61,,,,,
2/22/21,149.41,,,,,
2/19/21,148.02,,,,,
2/18/21,145.59,,,,,
2/17/21,145.1,,,,,
2/16/21,144.65,,,,,
2/12/21,141.25,,,,,
2/11/21,139.27,,,,,
2/10/21,139.66,,,,,
2/9/21,139.58,,,,,
2/8/21,140.14,,,,,
2/5/21,137.98,,,,,
2/4/21,138.25,,,,,
2/3/21,135.14,,,,,
2/2/21,133.61,,,,,
2/1/21,129.62,,,,,
1/29/21,128.67,,,,,
1/28/21,130.11,,,,,
1/27/21,127.86,,,,,
1/26/21,131.58,,,,,
1/25/21,132.12,,,,,
1/22/21,133.79,,,,,
1/21/21,134.83,,,,,
1/20/21,135.97,,,,,
1/19/21,138.04,,,,,
1/15/21,138.64,,,,,
1/14/21,141.17,,,,,
1/13/21,140.35,,,,,
1/12/21,140.22,,,,,
1/11/21,138.05,,,,,
1/8/21,136.02,,,,,
1/7/21,135.87,,,,,
1/6/21,131.55,,,,,
1/5/21,125.65,,,,,
1/4/21,125.87,,,,,
12/31/20,127.07,,,,,
12/30/20,125.36,,,,,
12/29/20,125.01,,,,,
12/28/20,125.34,,,,,
12/24/20,124.52,,,,,
12/23/20,125.07,,,,,
12/22/20,121.67,,,,,
12/21/20,123.55,,,,,
12/18/20,119.08,,,,,
12/17/20,119.67,,,,,
12/16/20,120.67,,,,,
12/15/20,120.32,,,,,
12/14/20,118.3,,,,,
12/11/20,119.56,,,,,
12/10/20,120.27,,,,,
12/9/20,121.05,,,,,
12/8/20,122,,,,,
12/7/20,121.88,,,,,
12/4/20,122.34,,,,,
12/3/20,121.24,,,,,
12/2/20,122.04,,,,,
12/1/20,119.74,,,,,
11/30/20,117.88,,,,,
11/27/20,121.22,,,,,
11/25/20,122.03,,,,,
11/24/20,123.32,,,,,
11/23/20,117.87,,,,,
11/20/20,114.57,,,,,
11/19/20,115.56,,,,,
11/18/20,115.25,,,,,
11/17/20,116.11,,,,,
11/16/20,117.3,,,,,
11/13/20,114.08,,,,,
11/12/20,113.37,,,,,
11/11/20,114.78,,,,,
11/10/20,116.52,,,,,
11/9/20,116.9,,,,,
11/6/20,102.96,,,,,
11/5/20,104.35,,,,,
11/4/20,100.25,,,,,
11/3/20,103.41,,,,,
11/2/20,100.25,,,,,
10/30/20,98.04,,,,,
10/29/20,97.17,,,,,
10/28/20,96.54,,,,,
10/27/20,99.33,,,,,
10/26/20,101.24,,,,,
10/23/20,103.81,,,,,
10/22/20,102.88,,,,,
10/21/20,99.37,,,,,
10/20/20,100.37,,,,,
10/19/20,99.8,,,,,
10/16/20,101.51,,,,,
10/15/20,101.72,,,,,
10/14/20,100.22,,,,,
10/13/20,100.78,,,,,
10/12/20,102.44,,,,,
10/9/20,101.2,,,,,
10/8/20,101.78,,,,,
10/7/20,99.73,,,,,
10/6/20,98.02,,,,,
10/5/20,99.04,,,,,
10/2/20,97.89,,,,,
10/1/20,96.97,,,,,
9/30/20,96.27,,,,,
9/29/20,95.35,,,,,
9/28/20,96.16,,,,,
9/25/20,93.47,,,,,
9/24/20,92.66,,,,,
9/23/20,92.74,,,,,
9/22/20,94.27,,,,,
9/21/20,95.31,,,,,
9/18/20,98.35,,,,,
9/17/20,98.56,,,,,
9/16/20,99.7,,,,,
9/15/20,99.28,,,,,
9/14/20,102.47,,,,,
9/11/20,101.07,,,,,
9/10/20,99.83,,,,,
9/9/20,100.87,,,,,
9/8/20,99.92,,,,,
9/4/20,103.52,,,,,
9/3/20,101.33,,,,,
9/2/20,101.65,,,,,
9/1/20,100.14,,,,,
8/31/20,100.19,,,,,
8/28/20,102.77,,,,,
8/27/20,102.35,,,,,
8/26/20,99.09,,,,,
8/25/20,100.5,,,,,
8/24/20,100.06,,,,,
8/21/20,97.32,,,,,
8/20/20,97.37,,,,,
8/19/20,98.55,,,,,
8/18/20,98.32,,,,,
8/17/20,99.71,,,,,
8/14/20,102.41,,,,,
8/13/20,102.37,,,,,
8/12/20,102.94,,,,,
8/11/20,103.82,,,,,
8/10/20,100.64,,,,,
8/7/20,99.38,,,,,
8/6/20,97.24,,,,,
8/5/20,97.21,,,,,
8/4/20,95.55,,,,,
8/3/20,96.1,,,,,
7/31/20,96.64,,,,,
7/30/20,97.02,,,,,
7/29/20,99.68,,,,,
7/28/20,97.32,,,,,
7/27/20,96.9,,,,,
7/24/20,98.28,,,,,
7/23/20,98.98,,,,,
7/22/20,98.69,,,,,
7/21/20,99.41,,,,,
7/20/20,97.3,,,,,
7/17/20,98.16,,,,,
7/16/20,100.01,,,,,
7/15/20,99.73,,,,,
7/14/20,98.21,,,,,
7/13/20,97.65,,,,,
7/10/20,96.27,,,,,
7/9/20,91.28,,,,,
7/8/20,93.3,,,,,
7/7/20,92.32,,,,,
7/6/20,95,,,,,
7/2/20,92.66,,,,,
7/1/20,93.26,,,,,
6/30/20,94.06,,,,,
6/29/20,93,,,,,
6/26/20,92.59,,,,,
6/25/20,97.96,,,,,
6/24/20,94.66,,,,,
6/23/20,97.93,,,,,
6/22/20,96.75,,,,,
6/19/20,97.81,,,,,
6/18/20,98.94,,,,,
6/17/20,99.48,,,,,
6/16/20,102.06,,,,,
6/15/20,101.25,,,,,
6/12/20,99.87,,,,,
6/11/20,97.21,,,,,
6/10/20,106.06,,,,,
6/9/20,110.54,,,,,
6/8/20,113.45,,,,,
6/5/20,111.23,,,,,
6/4/20,106.44,,,,,
6/3/20,104.27,,,,,
6/2/20,98.93,,,,,
6/1/20,98.6,,,,,
5/29/20,97.31,,,,,
5/28/20,99.86,,,,,
5/27/20,101.37,,,,,
5/26/20,95.82,,,,,
5/22/20,89.47,,,,,
5/21/20,90.17,,,,,
5/20/20,91.33,,,,,
5/19/20,88.67,,,,,
5/18/20,90.45,,,,,
5/15/20,85.9,,,,,
5/14/20,87.52,,,,,
5/13/20,84.03,,,,,
5/12/20,87.03,,,,,
5/11/20,89.97,,,,,
5/8/20,92.7,,,,,
5/7/20,91.21,,,,,
5/6/20,90.27,,,,,
5/5/20,92,,,,,
5/4/20,92.14,,,,,
5/1/20,93.25,,,,,
4/30/20,95.76,,,,,
4/29/20,97.86,,,,,
4/28/20,95.29,,,,,
4/27/20,94.62,,,,,
4/24/20,90.71,,,,,
4/23/20,89.39,,,,,
4/22/20,89.34,,,,,
4/21/20,89.05,,,,,
4/20/20,91.71,,,,,
4/17/20,95.18,,,,,
4/16/20,87.33,,,,,
4/15/20,90.79,,,,,
4/14/20,95.5,,,,,
4/13/20,98.19,,,,,
4/9/20,102.76,,,,,
4/8/20,94.3,,,,,
4/7/20,90.64,,,,,
4/6/20,89.46,,,,,
4/3/20,84.05,,,,,
4/2/20,87.51,,,,,
4/1/20,84.36,,,,,
3/31/20,90.03,,,,,
3/30/20,93.5,,,,,
3/27/20,91.13,,,,,
3/26/20,98.12,,,,,
3/25/20,91.73,,,,,
3/24/20,88.43,,,,,
3/23/20,79.03,,,,,
3/20/20,83.5,,,,,
3/19/20,85.3,,,,,
3/18/20,83.89,,,,,
3/17/20,93.76,,,,,
3/16/20,88.36,,,,,
3/13/20,103.91,,,,,
3/12/20,88.05,,,,,
3/11/20,95.96,,,,,
3/10/20,100.7,,,,,
3/9/20,93.44,,,,,
3/6/20,108.08,,,,,
3/5/20,113.97,,,,,
3/4/20,119.85,,,,,
3/3/20,116.96,,,,,
3/2/20,121.52,,,,,
2/28/20,116.11,,,,,
2/27/20,121.37,,,,,
2/26/20,126.64,,,,,
2/25/20,126.26,,,,,
2/24/20,132.16,,,,,
2/21/20,135.81,,,,,
2/20/20,137.49,,,,,
2/19/20,137.49,,,,,
2/18/20,135.64,,,,,
2/14/20,137.46,,,,,
2/13/20,137.88,,,,,
2/12/20,138,,,,,
2/11/20,138,,,,,
2/10/20,137.74,,,,,
2/7/20,137.17,,,,,
2/6/20,137.61,,,,,
2/5/20,137.59,,,,,
2/4/20,135.29,,,,,
2/3/20,133.37,,,,,
1/31/20,132.36,,,,,
1/30/20,135.89,,,,,
1/29/20,134.23,,,,,
1/28/20,134.43,,,,,
1/27/20,132.03,,,,,
1/24/20,133.15,,,,,
1/23/20,136.54,,,,,
1/22/20,136.68,,,,,
1/21/20,136.84,,,,,
1/17/20,138.2,,,,,
1/16/20,137.25,,,,,
1/15/20,136.72,,,,,
1/14/20,138.8,,,,,
1/13/20,137.2,,,,,
1/10/20,136.07,,,,,
1/9/20,137.44,,,,,
1/8/20,136.94,,,,,
1/7/20,135.88,,,,,
1/6/20,138.23,,,,,
1/3/20,138.34,,,,,
1/2/20,141.09,,,,,
12/31/19,139.4,,,,,
12/30/19,138.63,,,,,
12/27/19,139.14,,,,,
12/26/19,139.04,,,,,
12/24/19,137.58,,,,,
12/23/19,137.2,,,,,
12/20/19,137.24,,,,,
12/19/19,137.35,,,,,
12/18/19,138.04,,,,,
12/17/19,138.18,,,,,
12/16/19,137.34,,,,,
12/13/19,136.81,,,,,
12/12/19,138.02,,,,,
12/11/19,134.18,,,,,
12/10/19,134.5,,,,,
12/9/19,134.41,,,,,
12/6/19,135.04,,,,,
12/5/19,133.06,,,,,
12/4/19,132.34,,,,,
12/3/19,129.78,,,,,
12/2/19,131.47,,,,,
11/29/19,131.76,,,,,
11/27/19,132.06,,,,,
11/26/19,131.67,,,,,
11/25/19,131.49,,,,,
11/22/19,130.79,,,,,
11/21/19,129.93,,,,,
11/20/19,129.63,,,,,
11/19/19,130.58,,,,,
11/18/19,130.62,,,,,
11/15/19,129.53,,,,,
11/14/19,128.6,,,,,
11/13/19,128.48,,,,,
11/12/19,129.16,,,,,
11/11/19,129.92,,,,,
11/8/19,130.38,,,,,
11/7/19,130,,,,,
11/6/19,129.3,,,,,
11/5/19,129.1,,,,,
11/4/19,128.82,,,,,
11/1/19,127.8,,,,,
10/31/19,124.92,,,,,
10/30/19,125.73,,,,,
10/29/19,126.43,,,,,
10/28/19,126.51,,,,,
10/25/19,126.03,,,,,
10/24/19,125.03,,,,,
10/23/19,125.12,,,,,
10/22/19,124.79,,,,,
10/21/19,123.55,,,,,
10/18/19,120.56,,,,,
10/17/19,120.35,,,,,
10/16/19,119.68,,,,,
10/15/19,119.96,,,,,
10/14/19,116.45,,,,,
10/11/19,116.14,,,,,
10/10/19,114.21,,,,,
10/9/19,112.63,,,,,
10/8/19,111.82,,,,,
10/7/19,114.37,,,,,
10/4/19,114.62,,,,,
10/3/19,112.19,,,,,
10/2/19,113.25,,,,,
10/1/19,115.55,,,,,
9/30/19,117.69,,,,,
9/27/19,117.72,,,,,
9/26/19,117.03,,,,,
9/25/19,118,,,,,
9/24/19,117.33,,,,,
9/23/19,118.88,,,,,
9/20/19,118.9,,,,,
9/19/19,119.38,,,,,
9/18/19,119.76,,,,,
9/17/19,118.57,,,,,
9/16/19,119.16,,,,,
9/13/19,120.23,,,,,
9/12/19,117.91,,,,,
9/11/19,117.19,,,,,
9/10/19,116.87,,,,,
9/9/19,115.4,,,,,
9/6/19,112.61,,,,,
9/5/19,112.37,,,,,
9/4/19,109.87,,,,,
9/3/19,108.56,,,,,
8/30/19,109.86,,,,,
8/29/19,109.22,,,,,
8/28/19,106.8,,,,,
8/27/19,105.74,,,,,
8/26/19,106.87,,,,,
8/23/19,106.02,,,,,
8/22/19,108.72,,,,,
8/21/19,107.61,,,,,
8/20/19,107.31,,,,,
8/19/19,108.69,,,,,
8/16/19,107.72,,,,,
8/15/19,105.2,,,,,
8/14/19,104.8,,,,,
8/13/19,109.34,,,,,
8/12/19,107.68,,,,,
8/9/19,109.74,,,,,
8/8/19,109.86,,,,,
8/7/19,108.03,,,,,
8/6/19,110.43,,,,,
8/5/19,109.57,,,,,
8/2/19,112.93,,,,,
8/1/19,112.94,,,,,
7/31/19,116,,,,,
7/30/19,115.59,,,,,
7/29/19,115.85,,,,,
7/26/19,116.22,,,,,
7/25/19,115.71,,,,,
7/24/19,116.83,,,,,
7/23/19,116.36,,,,,
7/22/19,114.27,,,,,
7/19/19,113.54,,,,,
7/18/19,114.67,,,,,
7/17/19,113.99,,,,,
7/16/19,115.12,,,,,
7/15/19,113.9,,,,,
7/12/19,115.3,,,,,
7/11/19,114.1,,,,,
7/10/19,113.02,,,,,
7/9/19,113.35,,,,,
7/8/19,112.87,,,,,
7/5/19,113.49,,,,,
7/3/19,112.82,,,,,
7/2/19,113.8,,,,,
7/1/19,113.68,,,,,
6/28/19,111.8,,,,,
6/27/19,108.84,,,,,
6/26/19,108.48,,,,,
6/25/19,107.76,,,,,
6/24/19,108.66,,,,,
6/21/19,109.44,,,,,
6/20/19,110.19,,,,,
6/19/19,109.91,,,,,
6/18/19,110.71,,,,,
6/17/19,109.22,,,,,
6/14/19,109.82,,,,,
6/13/19,109.54,,,,,
6/12/19,109.27,,,,,
6/11/19,110.68,,,,,
6/10/19,110.34,,,,,
6/7/19,109.16,,,,,
6/6/19,110.37,,,,,
6/5/19,110.13,,,,,
6/4/19,109.74,,,,,
6/3/19,106.46,,,,,
5/31/19,105.96,,,,,
5/30/19,107.06,,,,,
5/29/19,108.22,,,,,
5/28/19,108.52,,,,,
5/24/19,109.71,,,,,
5/23/19,108.64,,,,,
5/22/19,110.82,,,,,
5/21/19,111.73,,,,,
5/20/19,111.35,,,,,
5/17/19,110.77,,,,,
5/16/19,111.31,,,,,
5/15/19,109.9,,,,,
5/14/19,110.32,,,,,
5/13/19,109.45,,,,,
5/10/19,112.51,,,,,
5/9/19,112.52,,,,,
5/8/19,112.61,,,,,
5/7/19,113.21,,,,,
5/6/19,115.09,,,,,
5/3/19,116.12,,,,,
5/2/19,115.41,,,,,
5/1/19,115.16,,,,,
4/30/19,116.05,,,,,
4/29/19,116.12,,,,,
4/26/19,114.47,,,,,
4/25/19,113.61,,,,,
4/24/19,113.55,,,,,
4/23/19,113.74,,,,,
4/22/19,113.6,,,,,
4/18/19,113.46,,,,,
4/17/19,114.3,,,,,
4/16/19,111.1,,,,,
4/15/19,109.94,,,,,
4/12/19,111.21,,,,,
4/11/19,106.23,,,,,
4/10/19,105.34,,,,,
4/9/19,104.87,,,,,
4/8/19,105.65,,,,,
4/5/19,105.31,,,,,
4/4/19,105.56,,,,,
4/3/19,105.35,,,,,
4/2/19,105.14,,,,,
4/1/19,104.64,,,,,
3/29/19,101.23,,,,,
3/28/19,100.71,,,,,
3/27/19,99.58,,,,,
3/26/19,99.92,,,,,
3/25/19,98.93,,,,,
3/22/19,99.76,,,,,
3/21/19,102.87,,,,,
3/20/19,104.52,,,,,
3/19/19,106.8,,,,,
3/18/19,107.19,,,,,
3/15/19,106.55,,,,,
3/14/19,105.34,,,,,
3/13/19,104.39,,,,,
3/12/19,104.04,,,,,
3/11/19,104.35,,,,,
3/8/19,103.01,,,,,
3/7/19,102.97,,,,,
3/6/19,103.72,,,,,
3/5/19,104.11,,,,,
3/4/19,104.19,,,,,
3/1/19,104.43,,,,,
2/28/19,104.36,,,,,
2/27/19,105.16,,,,,
2/26/19,105.29,,,,,
2/25/19,106.1,,,,,
2/22/19,105,,,,,
2/21/19,105.47,,,,,
2/20/19,105.69,,,,,
2/19/19,105.18,,,,,
2/15/19,105.55,,,,,
2/14/19,102.42,,,,,
2/13/19,103.09,,,,,
2/12/19,102.6,,,,,
2/11/19,100.88,,,,,
2/8/19,101.36,,,,,
2/7/19,102.38,,,,,
2/6/19,103.74,,,,,
2/5/19,103.79,,,,,
2/4/19,104.25,,,,,
2/1/19,103.88,,,,,
1/31/19,103.5,,,,,
1/30/19,104.41,,,,,
1/29/19,104.17,,,,,
1/28/19,103.88,,,,,
1/25/19,103.39,,,,,
1/24/19,102.74,,,,,
1/23/19,102.68,,,,,
1/22/19,102.94,,,,,
1/18/19,104.59,,,,,
1/17/19,102.92,,,,,
1/16/19,102.5,,,,,
1/15/19,101.68,,,,,
1/14/19,100.94,,,,,
1/11/19,99.91,,,,,
1/10/19,100.39,,,,,
1/9/19,100.4,,,,,
1/8/19,100.57,,,,,
1/7/19,100.76,,,,,
1/4/19,100.69,,,,,
1/3/19,97.11,,,,,
1/2/19,99.31,,,,,
12/31/18,97.62,,,,,
12/28/18,96.83,,,,,
12/27/18,97.04,,,,,
12/26/18,95.96,,,,,
12/24/18,92.14,,,,,
12/21/18,94.17,,,,,
12/20/18,96.45,,,,,
12/19/18,97.29,,,,,
12/18/18,98.54,,,,,
12/17/18,99.01,,,,,
12/14/18,100.29,,,,,
12/13/18,101.12,,,,,
12/12/18,101.02,,,,,
12/11/18,100.37,,,,,
12/10/18,101.36,,,,,
12/7/18,103.29,,,,,
12/6/18,105.19,,,,,
12/4/18,107.23,,,,,
12/3/18,112.24,,,,,
11/30/18,111.19,,,,,
11/29/18,110.06,,,,,
11/28/18,110.94,,,,,
11/27/18,109.72,,,,,
11/26/18,109.26,,,,,
11/23/18,106.65,,,,,
11/21/18,107.64,,,,,
11/20/18,108.45,,,,,
11/19/18,110.83,,,,,
11/16/18,109.99,,,,,
11/15/18,110.07,,,,,
11/14/18,107.33,,,,,
11/13/18,109.59,,,,,
11/12/18,108.95,,,,,
11/9/18,111.29,,,,,
11/8/18,112.38,,,,,
11/7/18,111.48,,,,,
11/6/18,109.6,,,,,
11/5/18,109.09,,,,,
11/2/18,108.38,,,,,
11/1/18,108.98,,,,,
10/31/18,109.02,,,,,
10/30/18,106.7,,,,,
10/29/18,104.85,,,,,
10/26/18,103.42,,,,,
10/25/18,104.86,,,,,
10/24/18,103.29,,,,,
10/23/18,105.25,,,,,
10/22/18,106.36,,,,,
10/19/18,107.91,,,,,
10/18/18,108.09,,,,,
10/17/18,109.83,,,,,
10/16/18,108.62,,,,,
10/15/18,106.34,,,,,
10/12/18,106.95,,,,,
10/11/18,108.13,,,,,
10/10/18,111.47,,,,,
10/9/18,114.52,,,,,
10/8/18,115.32,,,,,
10/5/18,114.62,,,,,
10/4/18,115.27,,,,,
10/3/18,115.04,,,,,
10/2/18,113.97,,,,,
10/1/18,113.5,,,,,
9/28/18,112.84,,,,,
9/27/18,114.52,,,,,
9/26/18,115.02,,,,,
9/25/18,116.39,,,,,
9/24/18,116.72,,,,,
9/21/18,117.85,,,,,
9/20/18,118.63,,,,,
9/19/18,117.62,,,,,
9/18/18,114.3,,,,,
9/17/18,113.84,,,,,
9/14/18,113.5,,,,,
9/13/18,113.52,,,,,
9/12/18,113.08,,,,,
9/11/18,114.43,,,,,
9/10/18,113.71,,,,,
9/7/18,114.32,,,,,
9/6/18,114.1,,,,,
9/5/18,114.59,,,,,
9/4/18,115.15,,,,,
8/31/18,114.58,,,,,
8/30/18,115.19,,,,,
8/29/18,115.76,,,,,
8/28/18,116.14,,,,,
8/27/18,116.71,,,,,
8/24/18,114.68,,,,,
8/23/18,114.73,,,,,
8/22/18,114.97,,,,,
8/21/18,115.32,,,,,
8/20/18,114.62,,,,,
8/17/18,114.77,,,,,
8/16/18,114.77,,,,,
8/15/18,113.7,,,,,
8/14/18,114.65,,,,,
8/13/18,113.89,,,,,
8/10/18,115.73,,,,,
8/9/18,116.88,,,,,
8/8/18,117.79,,,,,
8/7/18,117.55,,,,,
8/6/18,117.12,,,,,
8/3/18,117.09,,,,,
8/2/18,116.15,,,,,
8/1/18,115.66,,,,,
7/31/18,114.95,,,,,
7/30/18,116.73,,,,,
7/27/18,116.03,,,,,
7/26/18,114.85,,,,,
7/25/18,115.18,,,,,
7/24/18,114.15,,,,,
7/23/18,113.35,,,,,
7/20/18,111.28,,,,,
7/19/18,109.89,,,,,
7/18/18,111.53,,,,,
7/17/18,110.5,,,,,
7/16/18,110.58,,,,,
7/13/18,106.36,,,,,
7/12/18,106.85,,,,,
7/11/18,106.39,,,,,
7/10/18,106.62,,,,,
7/9/18,107.28,,,,,
7/6/18,104.06,,,,,
7/5/18,103.72,,,,,
7/3/18,103.61,,,,,
7/2/18,105.08,,,,,
6/29/18,104.2,,,,,
6/28/18,104.93,,,,,
6/27/18,103.24,,,,,
6/26/18,104.86,,,,,
6/25/18,104.79,,,,,
6/22/18,105.75,,,,,
6/21/18,107.51,,,,,
6/20/18,107.54,,,,,
6/19/18,107.55,,,,,
6/18/18,108.18,,,,,
6/15/18,107.9,,,,,
6/14/18,108.03,,,,,
6/13/18,109.97,,,,,
6/12/18,110.19,,,,,
6/11/18,110.83,,,,,
6/8/18,111.11,,,,,
6/7/18,110.8,,,,,
6/6/18,110.36,,,,,
6/5/18,107.84,,,,,
6/4/18,108.45,,,,,
6/1/18,108.4,,,,,
5/31/18,107.01,,,,,
5/30/18,108.35,,,,,
5/29/18,105.93,,,,,
5/25/18,110.66,,,,,
5/24/18,111.23,,,,,
5/23/18,112.49,,,,,
5/22/18,113.01,,,,,
5/21/18,112.15,,,,,
5/18/18,111.13,,,,,
5/17/18,112.96,,,,,
5/16/18,113.34,,,,,
5/15/18,113.03,,,,,
5/14/18,113.9,,,,,
5/11/18,113.86,,,,,
5/10/18,114.29,,,,,
5/9/18,113.41,,,,,
5/8/18,110.99,,,,,
5/7/18,109.37,,,,,
5/4/18,108.43,,,,,
5/3/18,107.24,,,,,
5/2/18,107.92,,,,,
5/1/18,108.78,,,,,
4/30/18,108.78,,,,,
4/27/18,109.4,,,,,
4/26/18,110.1,,,,,
4/25/18,109.99,,,,,
4/24/18,110.41,,,,,
4/23/18,110.93,,,,,
4/20/18,111.47,,,,,
4/19/18,111.72,,,,,
4/18/18,109.32,,,,,
4/17/18,110.21,,,,,
4/16/18,110.21,,,,,
4/13/18,110.3,,,,,
4/12/18,113.37,,,,,
4/11/18,110.62,,,,,
4/10/18,112.51,,,,,
4/9/18,110.4,,,,,
4/6/18,109.09,,,,,
4/5/18,111.88,,,,,
4/4/18,110.99,,,,,
4/3/18,109.33,,,,,
4/2/18,107.85,,,,,
3/29/18,109.97,,,,,
3/28/18,108,,,,,
3/27/18,108.17,,,,,
3/26/18,110.31,,,,,
3/23/18,107.01,,,,,
3/22/18,109.95,,,,,
3/21/18,114.74,,,,,
3/20/18,114.64,,,,,
3/19/18,114.53,,,,,
3/16/18,115.44,,,,,
3/15/18,115.24,,,,,
3/14/18,114.95,,,,,
3/13/18,116.25,,,,,
3/12/18,117.66,,,,,
3/9/18,118.04,,,,,
3/8/18,114.74,,,,,
3/7/18,114.73,,,,,
3/6/18,115.16,,,,,
3/5/18,115.06,,,,,
3/2/18,113.32,,,,,
3/1/18,113.43,,,,,
2/28/18,115.5,,,,,
2/27/18,117.36,,,,,
2/26/18,118.77,,,,,
2/23/18,117.31,,,,,
2/22/18,114.98,,,,,
2/21/18,115.19,,,,,
2/20/18,114.71,,,,,
2/16/18,114.68,,,,,
2/15/18,115.51,,,,,
2/14/18,115.03,,,,,
2/13/18,112.43,,,,,
2/12/18,111.74,,,,,
2/9/18,110.04,,,,,
2/8/18,107.88,,,,,
2/7/18,112.87,,,,,
2/6/18,112.11,,,,,
2/5/18,108.8,,,,,
2/2/18,114.28,,,,,
2/1/18,116.87,,,,,
1/31/18,115.67,,,,,
1/30/18,115.11,,,,,
1/29/18,116.2,,,,,
1/26/18,116.32,,,,,
1/25/18,115.7,,,,,
1/24/18,115.67,,,,,
1/23/18,114.21,,,,,
1/22/18,114.33,,,,,
1/19/18,113.01,,,,,
1/18/18,113.26,,,,,
1/17/18,112.99,,,,,
1/16/18,112.27,,,,,
1/12/18,112.67,,,,,
1/11/18,110.84,,,,,
1/10/18,110.25,,,,,
1/9/18,109.05,,,,,
1/8/18,108.5,,,,,
1/5/18,108.34,,,,,
1/4/18,109.04,,,,,
1/3/18,108.06,,,,,
1/2/18,107.95,,,,,
12/29/17,106.94,,,,,
12/28/17,107.79,,,,,
12/27/17,107.22,,,,,
12/26/17,107.02,,,,,
12/22/17,107.45,,,,,
12/21/17,107.83,,,,,
12/20/17,106.14,,,,,
12/19/17,106.51,,,,,
12/18/17,106.96,,,,,
12/15/17,106.14,,,,,
12/14/17,104.66,,,,,
12/13/17,105.51,,,,,
12/12/17,106.85,,,,,
12/11/17,105.62,,,,,
12/8/17,105.93,,,,,
12/7/17,104.62,,,,,
12/6/17,104.93,,,,,
12/5/17,105.72,,,,,
12/4/17,106.95,,,,,
12/1/17,104.79,,,,,
11/30/17,104.52,,,,,
11/29/17,103.73,,,,,
11/28/17,101.36,,,,,
11/27/17,97.93,,,,,
11/24/17,98.32,,,,,
11/22/17,98.64,,,,,
11/21/17,98.93,,,,,
11/20/17,99.01,,,,,
11/17/17,98.14,,,,,
11/16/17,98.47,,,,,
11/15/17,98.19,,,,,
11/14/17,97.27,,,,,
11/13/17,97.86,,,,,
11/10/17,97.51,,,,,
11/9/17,97.63,,,,,
11/8/17,97.64,,,,,
11/7/17,98.75,,,,,
11/6/17,100.78,,,,,
11/3/17,101.41,,,,,
11/2/17,101.59,,,,,
11/1/17,100.92,,,,,
10/31/17,100.61,,,,,
10/30/17,101.41,,,,,
10/27/17,101.77,,,,,
10/26/17,101.74,,,,,
10/25/17,101.02,,,,,
10/24/17,100.92,,,,,
10/23/17,99.34,,,,,
10/20/17,99.51,,,,,
10/19/17,98.11,,,,,
10/18/17,97.99,,,,,
10/17/17,97.62,,,,,
10/16/17,97.84,,,,,
10/13/17,95.86,,,,,
10/12/17,95.99,,,,,
10/11/17,96.84,,,,,
10/10/17,97.13,,,,,
10/9/17,96.41,,,,,
10/6/17,96.92,,,,,
10/5/17,97.09,,,,,
10/4/17,96.36,,,,,
10/3/17,97.35,,,,,
10/2/17,96.84,,,,,
9/29/17,95.51,,,,,
9/28/17,95.38,,,,,
9/27/17,95.18,,,,,
9/26/17,93.7,,,,,
9/25/17,94.12,,,,,
9/22/17,94.83,,,,,
9/21/17,95.03,,,,,
9/20/17,94.6,,,,,
9/19/17,93.94,,,,,
9/18/17,92.92,,,,,
9/15/17,91.62,,,,,
9/14/17,90.97,,,,,
9/13/17,91.15,,,,,
9/12/17,90.89,,,,,
9/11/17,89.79,,,,,
9/8/17,88.42,,,,,
9/7/17,88.53,,,,,
9/6/17,90.11,,,,,
9/5/17,89.51,,,,,
9/1/17,91.7,,,,,
8/31/17,90.89,,,,,
8/30/17,91.31,,,,,
8/29/17,91.1,,,,,
8/28/17,91.6,,,,,
8/25/17,91.89,,,,,
8/24/17,91.52,,,,,
8/23/17,91.67,,,,,
8/22/17,91.56,,,,,
8/21/17,90.63,,,,,
8/18/17,90.74,,,,,
8/17/17,90.65,,,,,
8/16/17,92.09,,,,,
8/15/17,92.73,,,,,
8/14/17,92.49,,,,,
8/11/17,91.42,,,,,
8/10/17,92.19,,,,,
8/9/17,93.53,,,,,
8/8/17,93.68,,,,,
8/7/17,94.02,,,,,
8/4/17,93.66,,,,,
8/3/17,92.5,,,,,
8/2/17,93.11,,,,,
8/1/17,93.03,,,,,
7/31/17,91.8,,,,,
7/28/17,91.28,,,,,
7/27/17,91.55,,,,,
7/26/17,91.93,,,,,
7/25/17,92.8,,,,,
7/24/17,91.28,,,,,
7/21/17,90.89,,,,,
7/20/17,91.2,,,,,
7/19/17,91.2,,,,,
7/18/17,91.07,,,,,
7/17/17,91.39,,,,,
7/14/17,92.25,,,,,
7/13/17,93.1,,,,,
7/12/17,92.51,,,,,
7/11/17,92.83,,,,,
7/10/17,93.19,,,,,
7/7/17,93.85,,,,,
7/6/17,93.38,,,,,
7/5/17,93.68,,,,,
7/3/17,92.75,,,,,
6/30/17,91.4,,,,,
6/29/17,91.15,,,,,
6/28/17,89.82,,,,,
6/27/17,88.05,,,,,
6/26/17,87.24,,,,,
6/23/17,86.86,,,,,
6/22/17,87.02,,,,,
6/21/17,87.12,,,,,
6/20/17,87.52,,,,,
6/19/17,88.07,,,,,
6/16/17,86.18,,,,,
6/15/17,86.57,,,,,
6/14/17,87.09,,,,,
6/13/17,87.27,,,,,
6/12/17,86.98,,,,,
6/9/17,86.96,,,,,
6/8/17,84.95,,,,,
6/7/17,83.91,,,,,
6/6/17,82.96,,,,,
6/5/17,82.79,,,,,
6/2/17,82.64,,,,,
6/1/17,83.06,,,,,
5/31/17,82.15,,,,,
5/30/17,83.9,,,,,
5/26/17,85.36,,,,,
5/25/17,85.35,,,,,
5/24/17,85.71,,,,,
5/23/17,85.76,,,,,
5/22/17,84.7,,,,,
5/19/17,84.78,,,,,
5/18/17,83.96,,,,,
5/17/17,84.27,,,,,
5/16/17,87.61,,,,,
5/15/17,87.34,,,,,
5/12/17,86.92,,,,,
5/11/17,87.16,,,,,
5/10/17,87.43,,,,,
5/9/17,86.75,,,,,
5/8/17,87.1,,,,,
5/5/17,87,,,,,
5/4/17,87.1,,,,,
5/3/17,87,,,,,
5/2/17,86.5,,,,,
5/1/17,87.06,,,,,
4/28/17,87,,,,,
4/27/17,87.61,,,,,
4/26/17,88.43,,,,,
4/25/17,88.26,,,,,
4/24/17,87.5,,,,,
4/21/17,84.52,,,,,
4/20/17,85.55,,,,,
4/19/17,84.46,,,,,
4/18/17,85.16,,,,,
4/17/17,85.86,,,,,
4/13/17,84.4,,,,,
4/12/17,85.4,,,,,
4/11/17,85.73,,,,,
4/10/17,85.88,,,,,
4/7/17,86.18,,,,,
4/6/17,86.48,,,,,
4/5/17,86.19,,,,,
4/4/17,87.31,,,,,
4/3/17,87.52,,,,,
3/31/17,87.84,,,,,
3/30/17,89.03,,,,,
3/29/17,88.27,,,,,
3/28/17,88.6,,,,,
3/27/17,87.24,,,,,
3/24/17,87.29,,,,,
3/23/17,87.39,,,,,
3/22/17,87.53,,,,,
3/21/17,87.39,,,,,
3/20/17,90.03,,,,,
3/17/17,90.68,,,,,
3/16/17,91.64,,,,,
3/15/17,91.73,,,,,
3/14/17,91.51,,,,,
3/13/17,91.36,,,,,
3/10/17,91.28,,,,,
3/9/17,91.57,,,,,
3/8/17,91.21,,,,,
3/7/17,91.41,,,,,
3/6/17,91.92,,,,,
3/3/17,92.8,,,,,
3/2/17,92.14,,,,,
3/1/17,93.6,,,,,
2/28/17,90.62,,,,,
2/27/17,90.43,,,,,
2/24/17,90.33,,,,,
2/23/17,91.13,,,,,
2/22/17,91.06,,,,,
2/21/17,91.01,,,,,
2/17/17,90.23,,,,,
2/16/17,90.53,,,,,
2/15/17,90.59,,,,,
2/14/17,89.56,,,,,
2/13/17,88.15,,,,,
2/10/17,87,,,,,
2/9/17,87.2,,,,,
2/8/17,85.96,,,,,
2/7/17,86.72,,,,,
2/6/17,86.77,,,,,
2/3/17,87.18,,,,,
2/2/17,84.59,,,,,
2/1/17,84.95,,,,,
1/31/17,84.63,,,,,
1/30/17,86.03,,,,,
1/27/17,86.93,,,,,
1/26/17,86.75,,,,,
1/25/17,86.03,,,,,
1/24/17,84.72,,,,,
1/23/17,83.71,,,,,
1/20/17,83.67,,,,,
1/19/17,83.3,,,,,
1/18/17,83.94,,,,,
1/17/17,83.55,,,,,
1/13/17,86.7,,,,,
1/12/17,86.24,,,,,
1/11/17,87.08,,,,,
1/10/17,86.43,,,,,
1/9/17,86.18,,,,,
1/6/17,86.12,,,,,
1/5/17,86.11,,,,,
1/4/17,86.91,,,,,
1/3/17,87.23,,,,,
12/30/16,86.29,,,,,
12/29/16,85.89,,,,,
12/28/16,86.5,,,,,
12/27/16,87.13,,,,,
12/23/16,87.05,,,,,
12/22/16,86.89,,,,,
12/21/16,86.75,,,,,
12/20/16,86.53,,,,,
12/19/16,85.43,,,,,
12/16/16,84.94,,,,,
12/15/16,86,,,,,
12/14/16,84.73,,,,,
12/13/16,84.76,,,,,
12/12/16,84.73,,,,,
12/9/16,85.49,,,,,
12/8/16,85.12,,,,,
12/7/16,84.07,,,,,
12/6/16,83.69,,,,,
12/5/16,83.26,,,,,
12/2/16,81.6,,,,,
12/1/16,81.79,,,,,
11/30/16,80.17,,,,,
11/29/16,78.92,,,,,
11/28/16,78.32,,,,,
11/25/16,78.83,,,,,
11/23/16,78.86,,,,,
11/22/16,78.53,,,,,
11/21/16,78.05,,,,,
11/18/16,77.71,,,,,
11/17/16,78.02,,,,,
11/16/16,77.4,,,,,
11/15/16,79.36,,,,,
11/14/16,79.51,,,,,
11/11/16,76.69,,,,,
11/10/16,76.65,,,,,
11/9/16,73.25,,,,,
11/8/16,70.03,,,,,
11/7/16,69.88,,,,,
11/4/16,67.76,,,,,
11/3/16,68.38,,,,,
11/2/16,68.68,,,,,
11/1/16,68.97,,,,,
10/31/16,69.26,,,,,
10/28/16,69.11,,,,,
10/27/16,69.23,,,,,
10/26/16,69.13,,,,,
10/25/16,68.8,,,,,
10/24/16,68.87,,,,,
10/21/16,68.49,,,,,
10/20/16,68.26,,,,,
10/19/16,68.35,,,,,
10/18/16,67.7,,,,,
10/17/16,67.17,,,,,
10/14/16,67.52,,,,,
10/13/16,67.74,,,,,
10/12/16,68.13,,,,,
10/11/16,68.31,,,,,
10/10/16,68.64,,,,,
10/7/16,68.11,,,,,
10/6/16,67.87,,,,,
10/5/16,67.69,,,,,
10/4/16,66.6,,,,,
10/3/16,66.51,,,,,
9/30/16,66.59,,,,,
9/29/16,65.65,,,,,
9/28/16,66.71,,,,,
9/27/16,66.36,,,,,
9/26/16,65.78,,,,,
9/23/16,67.25,,,,,
9/22/16,67.39,,,,,
9/21/16,66.84,,,,,
9/20/16,66.46,,,,,
9/19/16,66.19,,,,,
9/16/16,65.82,,,,,
9/15/16,66.64,,,,,
9/14/16,66.4,,,,,
9/13/16,66.53,,,,,
9/12/16,67.06,,,,,
9/9/16,66.65,,,,,
9/8/16,67.25,,,,,
9/7/16,67.16,,,,,
9/6/16,67.44,,,,,
9/2/16,67.49,,,,,
9/1/16,67.21,,,,,
8/31/16,67.5,,,,,
8/30/16,67.5,,,,,
8/29/16,66.95,,,,,
8/26/16,66.22,,,,,
8/25/16,66.07,,,,,
8/24/16,65.95,,,,,
8/23/16,65.77,,,,,
8/22/16,65.8,,,,,
8/19/16,65.86,,,,,
8/18/16,65.95,,,,,
8/17/16,65.89,,,,,
8/16/16,65.71,,,,,
8/15/16,65.72,,,,,
8/12/16,65.32,,,,,
8/11/16,65.46,,,,,
8/10/16,65.28,,,,,
8/9/16,65.87,,,,,
8/8/16,66.1,,,,,
8/5/16,66.3,,,,,
8/4/16,64.56,,,,,
8/3/16,64.66,,,,,
8/2/16,63.65,,,,,
8/1/16,63.8,,,,,
7/29/16,63.97,,,,,
7/28/16,64.1,,,,,
7/27/16,64.33,,,,,
7/26/16,64.13,,,,,
7/25/16,63.87,,,,,
7/22/16,64.04,,,,,
7/21/16,63.69,,,,,
7/20/16,63.93,,,,,
7/19/16,63.86,,,,,
7/18/16,63.96,,,,,
7/15/16,64.18,,,,,
7/14/16,64.12,,,,,
7/13/16,63.16,,,,,
7/12/16,63.2,,,,,
7/11/16,62.27,,,,,
7/8/16,61.83,,,,,
7/7/16,60.58,,,,,
7/6/16,60.19,,,,,
7/5/16,59.55,,,,,
7/1/16,61.26,,,,,
6/30/16,62.14,,,,,
6/29/16,61.2,,,,,
6/28/16,59.52,,,,,
6/27/16,57.61,,,,,
6/24/16,59.6,,,,,
6/23/16,64.05,,,,,
6/22/16,62.71,,,,,
6/21/16,62.95,,,,,
6/20/16,62.37,,,,,
6/17/16,62.28,,,,,
6/16/16,62.22,,,,,
6/15/16,61.97,,,,,
6/14/16,62.08,,,,,
6/13/16,63.27,,,,,
6/10/16,63.84,,,,,
6/9/16,64.75,,,,,
6/8/16,65.25,,,,,
6/7/16,65.06,,,,,
6/6/16,65.28,,,,,
6/3/16,64.64,,,,,
6/2/16,65.81,,,,,
6/1/16,65.69,,,,,
5/31/16,65.27,,,,,
5/27/16,65.43,,,,,
5/26/16,65.03,,,,,
5/25/16,65.52,,,,,
5/24/16,64.54,,,,,
5/23/16,63.46,,,,,
5/20/16,63.51,,,,,
5/19/16,63.39,,,,,
5/18/16,64.04,,,,,
5/17/16,61.66,,,,,
5/16/16,61.66,,,,,
5/13/16,61.2,,,,,
5/12/16,61.77,,,,,
5/11/16,61.81,,,,,
5/10/16,62.04,,,,,
5/9/16,61.21,,,,,
5/6/16,61.6,,,,,
5/5/16,61.24,,,,,
5/4/16,61.57,,,,,
5/3/16,62.56,,,,,
5/2/16,63.79,,,,,
4/29/16,63.2,,,,,
4/28/16,63.6,,,,,
4/27/16,64.11,,,,,
4/26/16,63.93,,,,,
4/25/16,63.6,,,,,
4/22/16,63.97,,,,,
4/21/16,63.6,,,,,
4/20/16,64.24,,,,,
4/19/16,63.32,,,,,
4/18/16,62.27,,,,,
4/15/16,61.87,,,,,
4/14/16,62.59,,,,,
4/13/16,61.79,,,,,
4/12/16,59.28,,,,,
4/11/16,58.2,,,,,
4/8/16,57.74,,,,,
4/7/16,57.32,,,,,
4/6/16,58.81,,,,,
4/5/16,58.36,,,,,
4/4/16,59.2,,,,,
4/1/16,59.87,,,,,
3/31/16,59.22,,,,,
3/30/16,59.71,,,,,
3/29/16,59.03,,,,,
3/28/16,59.4,,,,,
3/24/16,59.48,,,,,
3/23/16,59.94,,,,,
3/22/16,60.24,,,,,
3/21/16,60.46,,,,,
3/18/16,60.48,,,,,
3/17/16,58.75,,,,,
3/16/16,58.92,,,,,
3/15/16,59.2,,,,,
3/14/16,59.12,,,,,
3/11/16,59.34,,,,,
3/10/16,58.61,,,,,
3/9/16,59.12,,,,,
3/8/16,58.78,,,,,
3/7/16,59.94,,,,,
3/4/16,60.05,,,,,
3/3/16,59.96,,,,,
3/2/16,59.76,,,,,
3/1/16,59.2,,,,,
2/29/16,56.3,,,,,
2/26/16,57.54,,,,,
2/25/16,57.01,,,,,
2/24/16,56.14,,,,,
2/23/16,56.12,,,,,
2/22/16,58.57,,,,,
2/19/16,57.82,,,,,
2/18/16,57.81,,,,,
2/17/16,58.77,,,,,
2/16/16,58.35,,,,,
2/12/16,57.49,,,,,
2/11/16,53.07,,,,,
2/10/16,55.52,,,,,
2/9/16,56.2,,,,,
2/8/16,56.54,,,,,
2/5/16,57.75,,,,,
2/4/16,58.4,,,,,
2/3/16,57.41,,,,,
2/2/16,57.03,,,,,
2/1/16,58.86,,,,,
1/29/16,59.5,,,,,
1/28/16,57.28,,,,,
1/27/16,57.04,,,,,
1/26/16,57.08,,,,,
1/25/16,55.66,,,,,
1/22/16,56.95,,,,,
1/21/16,55.25,,,,,
1/20/16,55.51,,,,,
1/19/16,57.01,,,,,
1/15/16,57.04,,,,,
1/14/16,58.2,,,,,
1/13/16,57.34,,,,,
1/12/16,58.96,,,,,
1/11/16,58.83,,,,,
1/8/16,58.92,,,,,
1/7/16,60.27,,,,,
1/6/16,62.81,,,,,
1/5/16,63.73,,,,,
1/4/16,63.62,,,,,
12/31/15,66.03,,,,,
12/30/15,66.59,,,,,
12/29/15,67.07,,,,,
12/28/15,66.38,,,,,
12/24/15,66.6,,,,,
12/23/15,66.73,,,,,
12/22/15,65.68,,,,,
12/21/15,65.54,,,,,
12/18/15,64.4,,,,,
12/17/15,66.28,,,,,
12/16/15,67.53,,,,,
12/15/15,66.1,,,,,
12/14/15,64.27,,,,,
12/11/15,64.07,,,,,
12/10/15,65.61,,,,,
12/9/15,65.46,,,,,
12/8/15,65.96,,,,,
12/7/15,67,,,,,
12/4/15,67.89,,,,,
12/3/15,65.8,,,,,
12/2/15,66.66,,,,,
12/1/15,67.61,,,,,
11/30/15,66.68,,,,,
11/27/15,67.17,,,,,
11/25/15,66.86,,,,,
11/24/15,66.78,,,,,
11/23/15,66.88,,,,,
11/20/15,67.54,,,,,
11/19/15,67.66,,,,,
11/18/15,67.45,,,,,
11/17/15,66.13,,,,,
11/16/15,66.51,,,,,
11/13/15,65.56,,,,,
11/12/15,66,,,,,
11/11/15,67.35,,,,,
11/10/15,67.68,,,,,
11/9/15,67.39,,,,,
11/6/15,68.46,,,,,
11/5/15,66.44,,,,,
11/4/15,65.85,,,,,
11/3/15,65.78,,,,,
11/2/15,65.54,,,,,
10/30/15,64.25,,,,,
10/29/15,65.21,,,,,
10/28/15,65.5,,,,,
10/27/15,63.64,,,,,
10/26/15,63.9,,,,,
10/23/15,63.87,,,,,
10/22/15,63.19,,,,,
10/21/15,62.06,,,,,
10/20/15,62.52,,,,,
10/19/15,62.22,,,,,
10/16/15,62.43,,,,,
10/15/15,61.89,,,,,
10/14/15,59.99,,,,,
10/13/15,61.55,,,,,
10/12/15,61.72,,,,,
10/9/15,61.93,,,,,
10/8/15,62.13,,,,,
10/7/15,62.13,,,,,
10/6/15,62.05,,,,,
10/5/15,62.02,,,,,
10/2/15,60.81,,,,,
10/1/15,61.42,,,,,
9/30/15,60.97,,,,,
9/29/15,59.84,,,,,
9/28/15,59.98,,,,,
9/25/15,61.47,,,,,
9/24/15,60.22,,,,,
9/23/15,60.64,,,,,
9/22/15,60.91,,,,,
9/21/15,61.45,,,,,
9/18/15,60.94,,,,,
9/17/15,62.65,,,,,
9/16/15,64.14,,,,,
9/15/15,63.58,,,,,
9/14/15,62.38,,,,,
9/11/15,62.56,,,,,
9/10/15,62.66,,,,,
9/9/15,62.18,,,,,
9/8/15,63.16,,,,,
9/4/15,61.5,,,,,
9/3/15,62.68,,,,,
9/2/15,62.57,,,,,
9/1/15,61.45,,,,,
8/31/15,64.1,,,,,
8/28/15,64.13,,,,,
8/27/15,64.48,,,,,
8/26/15,62.91,,,,,
8/25/15,59.91,,,,,
8/24/15,60.25,,,,,
8/21/15,63.6,,,,,
8/20/15,65.94,,,,,
8/19/15,67.6,,,,,
8/18/15,68.21,,,,,
8/17/15,68.07,,,,,
8/14/15,67.89,,,,,
8/13/15,67.55,,,,,
8/12/15,67.24,,,,,
8/11/15,68.23,,,,,
8/10/15,68.89,,,,,
8/7/15,68.05,,,,,
8/6/15,68.25,,,,,
8/5/15,68.73,,,,,
8/4/15,68.46,,,,,
8/3/15,68.53,,,,,
7/31/15,68.53,,,,,
7/30/15,69.04,,,,,
7/29/15,68.94,,,,,
7/28/15,68.05,,,,,
7/27/15,68.01,,,,,
7/24/15,68.91,,,,,
7/23/15,69.64,,,,,
7/22/15,70.08,,,,,
7/21/15,69.1,,,,,
7/20/15,69.26,,,,,
7/17/15,69.21,,,,,
7/16/15,69.56,,,,,
7/15/15,69.19,,,,,
7/14/15,69.04,,,,,
7/13/15,68.09,,,,,
7/10/15,67.05,,,,,
7/9/15,66.11,,,,,
7/8/15,65.43,,,,,
7/7/15,66.8,,,,,
7/6/15,67.33,,,,,
7/2/15,67.52,,,,,
7/1/15,68.07,,,,,
6/30/15,67.76,,,,,
6/29/15,67.2,,,,,
6/26/15,68.95,,,,,
6/25/15,68.65,,,,,
6/24/15,69.02,,,,,
6/23/15,69.75,,,,,
6/22/15,68.96,,,,,
6/19/15,68.08,,,,,
6/18/15,68.78,,,,,
6/17/15,68.14,,,,,
6/16/15,68.37,,,,,
6/15/15,67.99,,,,,
6/12/15,68.25,,,,,
6/11/15,68.52,,,,,
6/10/15,68.26,,,,,
6/9/15,67.18,,,,,
6/8/15,66.89,,,,,
6/5/15,67.42,,,,,
6/4/15,66.33,,,,,
6/3/15,66.7,,,,,
6/2/15,66.02,,,,,
6/1/15,66.08,,,,,
5/29/15,65.78,,,,,
5/28/15,66.2,,,,,
5/27/15,66.47,,,,,
5/26/15,65.73,,,,,
5/22/15,66.47,,,,,
5/21/15,66.65,,,,,
5/20/15,66.48,,,,,
5/19/15,67.01,,,,,
5/18/15,66.42,,,,,
5/15/15,65.88,,,,,
5/14/15,66.05,,,,,
5/13/15,65.52,,,,,
5/12/15,65.36,,,,,
5/11/15,65.45,,,,,
5/8/15,65.49,,,,,
5/7/15,64.5,,,,,
5/6/15,63.92,,,,,
5/5/15,64.4,,,,,
5/4/15,64.72,,,,,
5/1/15,63.61,,,,,
4/30/15,63.26,,,,,
4/29/15,63.6,,,,,
4/28/15,62.76,,,,,
4/27/15,62.34,,,,,
4/24/15,62.6,,,,,
4/23/15,62.8,,,,,
4/22/15,62.94,,,,,
4/21/15,62.31,,,,,
4/20/15,63.24,,,,,
4/17/15,62.84,,,,,
4/16/15,63.81,,,,,
4/15/15,64.21,,,,,
4/14/15,63.04,,,,,
4/13/15,62.07,,,,,
4/10/15,61.7,,,,,
4/9/15,61.47,,,,,
4/8/15,61.05,,,,,
4/7/15,60.85,,,,,
4/6/15,60.47,,,,,
4/2/15,60.52,,,,,
4/1/15,59.95,,,,,
3/31/15,60.58,,,,,
3/30/15,60.96,,,,,
3/27/15,59.55,,,,,
3/26/15,59.54,,,,,
3/25/15,59.61,,,,,
3/24/15,60.46,,,,,
3/23/15,61.14,,,,,
3/20/15,61.75,,,,,
3/19/15,61.2,,,,,
3/18/15,61.75,,,,,
3/17/15,61.61,,,,,
3/16/15,61.85,,,,,
3/13/15,61,,,,,
3/12/15,61.37,,,,,
3/11/15,60.24,,,,,
3/10/15,59.96,,,,,
3/9/15,61.5,,,,,
3/6/15,60.89,,,,,
3/5/15,62,,,,,
3/4/15,62.13,,,,,
3/3/15,61.97,,,,,
3/2/15,61.77,,,,,
2/27/15,61.28,,,,,
2/26/15,61.58,,,,,
2/25/15,61.14,,,,,
2/24/15,60.82,,,,,
2/23/15,59.35,,,,,
2/20/15,59.8,,,,,
2/19/15,59.23,,,,,
2/18/15,59.37,,,,,
2/17/15,60.1,,,,,
2/13/15,59.67,,,,,
2/12/15,59.57,,,,,
2/11/15,58.37,,,,,
2/10/15,58.46,,,,,
2/9/15,57.82,,,,,
2/6/15,57.89,,,,,
2/5/15,56.77,,,,,
2/4/15,56.38,,,,,
2/3/15,56.72,,,,,
2/2/15,55.47,,,,,
1/30/15,54.38,,,,,
1/29/15,55.67,,,,,
1/28/15,54.75,,,,,
1/27/15,56.2,,,,,
1/26/15,56.77,,,,,
1/23/15,56.68,,,,,
1/22/15,57.59,,,,,
1/21/15,55.89,,,,,
1/20/15,55.71,,,,,
1/16/15,55.93,,,,,
1/15/15,54.99,,,,,
1/14/15,56.81,,,,,
1/13/15,58.84,,,,,
1/12/15,58.83,,,,,
1/9/15,59.34,,,,,
1/8/15,60.39,,,,,
1/7/15,59.07,,,,,
1/6/15,58.98,,,,,
1/5/15,60.55,,,,,
1/2/15,62.49,,,,,
12/31/14,62.58,,,,,
12/30/14,63.15,,,,,
12/29/14,62.96,,,,,
12/26/14,62.55,,,,,
12/24/14,62.48,,,,,
12/23/14,62.48,,,,,
12/22/14,61.94,,,,,
12/19/14,61.93,,,,,
12/18/14,61.48,,,,,
12/17/14,59.77,,,,,
12/16/14,58.43,,,,,
12/15/14,59.16,,,,,
12/12/14,60.04,,,,,
12/11/14,61.14,,,,,
12/10/14,60.68,,,,,
12/9/14,62.45,,,,,
12/8/14,62.67,,,,,
12/5/14,62.7,,,,,
12/4/14,61.38,,,,,
12/3/14,61.54,,,,,
12/2/14,61.08,,,,,
12/1/14,60,,,,,
11/28/14,60.16,,,,,
11/26/14,60.34,,,,,
11/25/14,60.3,,,,,
11/24/14,60.96,,,,,
11/21/14,60.45,,,,,
11/20/14,60.12,,,,,
11/19/14,60.6,,,,,
11/18/14,60.53,,,,,
11/17/14,60.38,,,,,
11/14/14,60.28,,,,,
11/13/14,60.23,,,,,
11/12/14,60.56,,,,,
11/11/14,61.37,,,,,
11/10/14,61.93,,,,,
11/7/14,61.47,,,,,
11/6/14,61.23,,,,,
11/5/14,61.15,,,,,
11/4/14,60.25,,,,,
11/3/14,60.88,,,,,
10/31/14,60.48,,,,,
10/30/14,59.39,,,,,
10/29/14,59.29,,,,,
10/28/14,59.63,,,,,
10/27/14,58.64,,,,,
10/24/14,58.74,,,,,
10/23/14,58.06,,,,,
10/22/14,57.45,,,,,
10/21/14,57.93,,,,,
10/20/14,56.63,,,,,
10/17/14,56.2,,,,,
10/16/14,55.08,,,,,
10/15/14,55.53,,,,,
10/14/14,57.99,,,,,
10/13/14,58.16,,,,,
10/10/14,58.52,,,,,
10/9/14,59.08,,,,,
10/8/14,60.4,,,,,
10/7/14,59.27,,,,,
10/6/14,60.18,,,,,
10/3/14,60.3,,,,,
10/2/14,58.84,,,,,
10/1/14,59.77,,,,,
9/30/14,60.24,,,,,
9/29/14,60.33,,,,,
9/26/14,60.56,,,,,
9/25/14,60.15,,,,,
9/24/14,61.63,,,,,
9/23/14,60.94,,,,,
9/22/14,60.91,,,,,
9/19/14,61.11,,,,,
9/18/14,61.32,,,,,
9/17/14,60.31,,,,,
9/16/14,59.99,,,,,
9/15/14,59.94,,,,,
9/12/14,60.03,,,,,
9/11/14,59.76,,,,,
9/10/14,59.22,,,,,
9/9/14,59.06,,,,,
9/8/14,59.89,,,,,
9/5/14,59.91,,,,,
9/4/14,59.71,,,,,
9/3/14,59.7,,,,,
9/2/14,59.67,,,,,
8/29/14,59.45,,,,,
8/28/14,59.16,,,,,
8/27/14,59.59,,,,,
8/26/14,59.74,,,,,
8/25/14,59.34,,,,,
8/22/14,58.49,,,,,
8/21/14,58.5,,,,,
8/20/14,57.64,,,,,
8/19/14,57.56,,,,,
8/18/14,57.23,,,,,
8/15/14,56.75,,,,,
8/14/14,56.98,,,,,
8/13/14,56.72,,,,,
8/12/14,56.35,,,,,
8/11/14,56.32,,,,,
8/8/14,56.34,,,,,
8/7/14,55.91,,,,,
8/6/14,56.23,,,,,
8/5/14,56.06,,,,,
8/4/14,56.65,,,,,
8/1/14,56.48,,,,,
7/31/14,57.67,,,,,
7/30/14,58.91,,,,,
7/29/14,58.64,,,,,
7/28/14,59.19,,,,,
7/25/14,59.01,,,,,
7/24/14,59.17,,,,,
7/23/14,59,,,,,
7/22/14,58.67,,,,,
7/21/14,58.24,,,,,
7/18/14,58.23,,,,,
7/17/14,57.86,,,,,
7/16/14,58.71,,,,,
7/15/14,58.27,,,,,
7/14/14,56.29,,,,,
7/11/14,55.8,,,,,
7/10/14,55.56,,,,,
7/9/14,56.02,,,,,
7/8/14,55.76,,,,,
7/7/14,56.67,,,,,
7/3/14,57.05,,,,,
7/2/14,56.97,,,,,
7/1/14,57.57,,,,,
6/30/14,57.62,,,,,
6/27/14,57.53,,,,,
6/26/14,57.39,,,,,
6/25/14,57.53,,,,,
6/24/14,57.42,,,,,
6/23/14,58.19,,,,,
6/20/14,57.55,,,,,
6/19/14,57.3,,,,,
6/18/14,57.78,,,,,
6/17/14,57.42,,,,,
6/16/14,56.87,,,,,
6/13/14,57.04,,,,,
6/12/14,57.04,,,,,
6/11/14,57.27,,,,,
6/10/14,57.9,,,,,
6/9/14,57.42,,,,,
6/6/14,56.97,,,,,
6/5/14,56.63,,,,,
6/4/14,55.68,,,,,
6/3/14,55.6,,,,,
6/2/14,55.35,,,,,
5/30/14,55.57,,,,,
5/29/14,55.72,,,,,
5/28/14,55.45,,,,,
5/27/14,55.14,,,,,
5/23/14,54.53,,,,,
5/22/14,54.55,,,,,
5/21/14,54.12,,,,,
5/20/14,53.72,,,,,
5/19/14,53.83,,,,,
5/16/14,53.31,,,,,
5/15/14,53.51,,,,,
5/14/14,54.36,,,,,
5/13/14,54.62,,,,,
5/12/14,54.65,,,,,
5/9/14,54.01,,,,,
5/8/14,54.36,,,,,
5/7/14,54.05,,,,,
5/6/14,53.34,,,,,
5/5/14,54.22,,,,,
5/2/14,55.58,,,,,
5/1/14,55.72,,,,,
4/30/14,55.98,,,,,
4/29/14,56.1,,,,,
4/28/14,55.49,,,,,
4/25/14,55.7,,,,,
4/24/14,56.19,,,,,
4/23/14,56.05,,,,,
4/22/14,55.81,,,,,
4/21/14,55.03,,,,,
4/17/14,55.22,,,,,
4/16/14,55.26,,,,,
4/15/14,54.8,,,,,
4/14/14,54.96,,,,,
4/11/14,55.3,,,,,
4/10/14,57.4,,,,,
4/9/14,59.27,,,,,
4/8/14,58.85,,,,,
4/7/14,59,,,,,
4/4/14,59.81,,,,,
4/3/14,60.66,,,,,
4/2/14,60.48,,,,,
4/1/14,60.67,,,,,
3/31/14,60.71,,,,,
3/28/14,60.04,,,,,
3/27/14,59.92,,,,,
3/26/14,59.9,,,,,
3/25/14,60.93,,,,,
3/24/14,61.07,,,,,
3/21/14,60.17,,,,,
3/20/14,60.11,,,,,
3/19/14,58.3,,,,,
3/18/14,58.06,,,,,
3/17/14,57.58,,,,,
3/14/14,56.8,,,,,
3/13/14,57.42,,,,,
3/12/14,57.92,,,,,
3/11/14,58.19,,,,,
3/10/14,59.2,,,,,
3/7/14,59.4,,,,,
3/6/14,58.9,,,,,
3/5/14,58.16,,,,,
3/4/14,57.26,,,,,
3/3/14,56.21,,,,,
2/28/14,56.82,,,,,
2/27/14,56.69,,,,,
2/26/14,56.75,,,,,
2/25/14,57.03,,,,,
2/24/14,58.03,,,,,
2/21/14,57.61,,,,,
2/20/14,57.58,,,,,
2/19/14,57.26,,,,,
2/18/14,58.49,,,,,
2/14/14,58.15,,,,,
2/13/14,58.03,,,,,
2/12/14,57.52,,,,,
2/11/14,57.43,,,,,
2/10/14,56.74,,,,,
2/7/14,56.62,,,,,
2/6/14,56.48,,,,,
2/5/14,55.21,,,,,
2/4/14,54.95,,,,,
2/3/14,54.31,,,,,
1/31/14,55.36,,,,,
1/30/14,56,,,,,
1/29/14,55.53,,,,,
1/28/14,55.74,,,,,
1/27/14,55.09,,,,,
1/24/14,55.09,,,,,
1/23/14,56.47,,,,,
1/22/14,57.59,,,,,
1/21/14,58.17,,,,,
1/17/14,58.11,,,,,
1/16/14,58.99,,,,,
1/15/14,59.49,,,,,
1/14/14,57.74,,,,,
1/13/14,57.7,,,,,
1/10/14,58.49,,,,,
1/9/14,58.76,,,,,
1/8/14,58.87,,,,,
1/7/14,58.32,,,,,
1/6/14,59,,,,,
1/3/14,58.66,,,,,
1/2/14,58.21,,,,,
12/31/13,58.48,,,,,
12/30/13,57.95,,,,,
12/27/13,58.14,,,,,
12/26/13,58.2,,,,,
12/24/13,58.25,,,,,
12/23/13,58.24,,,,,
12/20/13,57.7,,,,,
12/19/13,57.23,,,,,
12/18/13,57.24,,,,,
12/17/13,55.72,,,,,
12/16/13,56.42,,,,,
12/13/13,56.17,,,,,
12/12/13,56.31,,,,,
12/11/13,56.07,,,,,
12/10/13,56.7,,,,,
12/9/13,56.51,,,,,
12/6/13,56.06,,,,,
12/5/13,55.82,,,,,
12/4/13,57.19,,,,,
12/3/13,56.86,,,,,
12/2/13,56.98,,,,,
11/29/13,57.22,,,,,
11/27/13,57.48,,,,,
11/26/13,57.17,,,,,
11/25/13,57.65,,,,,
11/22/13,57.46,,,,,
11/21/13,57.22,,,,,
11/20/13,56.1,,,,,
11/19/13,56.15,,,,,
11/18/13,55.74,,,,,
11/15/13,54.87,,,,,
11/14/13,54.4,,,,,
11/13/13,54.14,,,,,
11/12/13,53.97,,,,,
11/11/13,54.1,,,,,
11/8/13,53.96,,,,,
11/7/13,51.65,,,,,
11/6/13,52.1,,,,,
11/5/13,51.95,,,,,
11/4/13,52.04,,,,,
11/1/13,52.51,,,,,
10/31/13,51.54,,,,,
10/30/13,52.6,,,,,
10/29/13,52.73,,,,,
10/28/13,52.68,,,,,
10/25/13,52.77,,,,,
10/24/13,52.48,,,,,
10/23/13,52.75,,,,,
10/22/13,53.62,,,,,
10/21/13,54.27,,,,,
10/18/13,54.3,,,,,
10/17/13,54.21,,,,,
10/16/13,54,,,,,
10/15/13,52.31,,,,,
10/14/13,52.71,,,,,
10/11/13,52.51,,,,,
10/10/13,52.52,,,,,
10/9/13,50.75,,,,,
10/8/13,50.87,,,,,
10/7/13,51.83,,,,,
10/4/13,52.67,,,,,
10/3/13,51.94,,,,,
10/2/13,52.09,,,,,
10/1/13,51.96,,,,,
9/30/13,51.69,,,,,
9/27/13,52.24,,,,,
9/26/13,51.89,,,,,
9/25/13,51.7,,,,,
9/24/13,50.32,,,,,
9/23/13,51.46,,,,,
9/20/13,52.8,,,,,
9/19/13,52.75,,,,,
9/18/13,53.41,,,,,
9/17/13,53.09,,,,,
9/16/13,53.14,,,,,
9/13/13,52.59,,,,,
9/12/13,52.24,,,,,
9/11/13,53.26,,,,,
9/10/13,53.67,,,,,
9/9/13,52.86,,,,,
9/6/13,52.56,,,,,
9/5/13,52.11,,,,,
9/4/13,51.87,,,,,
9/3/13,51.13,,,,,
8/30/13,50.53,,,,,
8/29/13,50.7,,,,,
8/28/13,50.58,,,,,
8/27/13,50.6,,,,,
8/26/13,51.8,,,,,
8/23/13,52.32,,,,,
8/22/13,52.21,,,,,
8/21/13,51.63,,,,,
8/20/13,52.12,,,,,
8/19/13,51.83,,,,,
8/16/13,53.29,,,,,
8/15/13,53.29,,,,,
8/14/13,54.15,,,,,
8/13/13,54.29,,,,,
8/12/13,54.09,,,,,
8/9/13,54.52,,,,,
8/8/13,54.83,,,,,
8/7/13,55.3,,,,,
8/6/13,55.49,,,,,
8/5/13,56.1,,,,,
8/2/13,56.49,,,,,
8/1/13,56.54,,,,,
7/31/13,55.73,,,,,
7/30/13,55.33,,,,,
7/29/13,55.69,,,,,
7/26/13,56.05,,,,,
7/25/13,56.5,,,,,
7/24/13,56.63,,,,,
7/23/13,56.67,,,,,
7/22/13,56.56,,,,,
7/19/13,56.16,,,,,
7/18/13,56.37,,,,,
7/17/13,55.27,,,,,
7/16/13,55.01,,,,,
7/15/13,54.89,,,,,
7/12/13,54.97,,,,,
7/11/13,55.14,,,,,
7/10/13,54.83,,,,,
7/9/13,54.89,,,,,
7/8/13,54.7,,,,,
7/5/13,53.99,,,,,
7/3/13,52.77,,,,,
7/2/13,52.8,,,,,
7/1/13,52.49,,,,,
6/28/13,52.79,,,,,
6/27/13,53.15,,,,,
6/26/13,52.5,,,,,
6/25/13,52.08,,,,,
6/24/13,50.92,,,,,
6/21/13,51.96,,,,,
6/20/13,52.48,,,,,
6/19/13,53.55,,,,,
6/18/13,54.11,,,,,
6/17/13,53.85,,,,,
6/14/13,53.13,,,,,
6/13/13,54.17,,,,,
6/12/13,53.18,,,,,
6/11/13,53.49,,,,,
6/10/13,54.36,,,,,
6/7/13,54.27,,,,,
6/6/13,53.5,,,,,
6/5/13,53.03,,,,,
6/4/13,54.04,,,,,
6/3/13,54.49,,,,,
5/31/13,54.59,,,,,
5/30/13,55.62,,,,,
5/29/13,54.67,,,,,
5/28/13,54.6,,,,,
5/24/13,53.66,,,,,
5/23/13,53.35,,,,,
5/22/13,53.63,,,,,
5/21/13,53.02,,,,,
5/20/13,52.29,,,,,
5/17/13,52.3,,,,,
5/16/13,50.97,,,,,
5/15/13,51.09,,,,,
5/14/13,50.23,,,,,
5/13/13,49.67,,,,,
5/10/13,48.96,,,,,
5/9/13,49.04,,,,,
5/8/13,49.76,,,,,
5/7/13,49.14,,,,,
5/6/13,48.18,,,,,
5/3/13,47.57,,,,,
5/2/13,48.08,,,,,
5/1/13,48.01,,,,,
4/30/13,49.01,,,,,
4/29/13,48.92,,,,,
4/26/13,48.88,,,,,
4/25/13,49,,,,,
4/24/13,48.72,,,,,
4/23/13,48.17,,,,,
4/22/13,47.35,,,,,
4/19/13,47.23,,,,,
4/18/13,46.64,,,,,
4/17/13,46.79,,,,,
4/16/13,48.49,,,,,
4/15/13,47.93,,,,,
4/12/13,49.01,,,,,
4/11/13,49.31,,,,,
4/10/13,49.25,,,,,
4/9/13,48.68,,,,,
4/8/13,48.58,,,,,
4/5/13,47.91,,,,,
4/4/13,47.49,,,,,
4/3/13,46.85,,,,,
4/2/13,48.28,,,,,
4/1/13,47.83,,,,,
3/28/13,47.46,,,,,
3/27/13,47.77,,,,,
3/26/13,48.64,,,,,
3/25/13,48.52,,,,,
3/22/13,48.78,,,,,
3/21/13,48.35,,,,,
3/20/13,49.12,,,,,
3/19/13,49.2,,,,,
3/18/13,49.51,,,,,
3/15/13,50.02,,,,,
3/14/13,51,,,,,
3/13/13,50.16,,,,,
3/12/13,50.28,,,,,
3/11/13,50.48,,,,,
3/8/13,50.2,,,,,
3/7/13,50.63,,,,,
3/6/13,50.03,,,,,
3/5/13,49.49,,,,,
3/4/13,49.1,,,,,
3/1/13,48.91,,,,,
2/28/13,48.92,,,,,
2/27/13,49.28,,,,,
2/26/13,47.6,,,,,
2/25/13,47.7,,,,,
2/22/13,48.91,,,,,
2/21/13,48.25,,,,,
2/20/13,48.61,,,,,
2/19/13,49.45,,,,,
2/15/13,48.88,,,,,
2/14/13,49.22,,,,,
2/13/13,48.68,,,,,
2/12/13,49.14,,,,,
2/11/13,48.66,,,,,
2/8/13,48.63,,,,,
2/7/13,48.23,,,,,
2/6/13,48.61,,,,,
2/5/13,48.79,,,,,
2/4/13,47.68,,,,,
2/1/13,47.85,,,,,
1/31/13,47.05,,,,,
1/30/13,47.13,,,,,
1/29/13,47.12,,,,,
1/28/13,46.64,,,,,
1/25/13,47.16,,,,,
1/24/13,46.37,,,,,
1/23/13,46.23,,,,,
1/22/13,46.54,,,,,
1/18/13,46.46,,,,,
1/17/13,46.44,,,,,
1/16/13,46.82,,,,,
1/15/13,46.35,,,,,
1/14/13,45.88,,,,,
1/11/13,46.14,,,,,
1/10/13,46.15,,,,,
1/9/13,45.47,,,,,
1/8/13,45.5,,,,,
1/7/13,45.41,,,,,
1/4/13,45.36,,,,,
1/3/13,44.57,,,,,
1/2/13,44.66,,,,,
12/31/12,43.97,,,,,
12/28/12,43.24,,,,,
12/27/12,43.63,,,,,
12/26/12,43.96,,,,,
12/24/12,43.92,,,,,
12/21/12,44,,,,,
12/20/12,44.53,,,,,
12/19/12,43.53,,,,,
12/18/12,43.87,,,,,
12/17/12,43.48,,,,,
12/14/12,42.81,,,,,
12/13/12,42.78,,,,,
12/12/12,42.77,,,,,
12/11/12,42.64,,,,,
12/10/12,42.31,,,,,
12/7/12,42.56,,,,,
12/6/12,41.47,,,,,
12/5/12,41.2,,,,,
12/4/12,40.57,,,,,
12/3/12,40.81,,,,,
11/30/12,41.08,,,,,
11/29/12,41.22,,,,,
11/28/12,40.83,,,,,
11/27/12,40.75,,,,,
11/26/12,40.88,,,,,
11/23/12,41.09,,,,,
11/21/12,40.73,,,,,
11/20/12,40.7,,,,,
11/19/12,40.59,,,,,
11/16/12,39.53,,,,,
11/15/12,39.39,,,,,
11/14/12,39.29,,,,,
11/13/12,40.04,,,,,
11/12/12,40.58,,,,,
11/9/12,40.62,,,,,
11/8/12,40.4,,,,,
11/7/12,40.48,,,,,
11/6/12,42.88,,,,,
11/5/12,42.27,,,,,
11/2/12,42.42,,,,,
11/1/12,42.84,,,,,
10/31/12,41.68,,,,,
10/26/12,41.16,,,,,
10/25/12,41.67,,,,,
10/24/12,41.71,,,,,
10/23/12,41.33,,,,,
10/22/12,42.09,,,,,
10/19/12,42.32,,,,,
10/18/12,43.01,,,,,
10/17/12,43.32,,,,,
10/16/12,42.83,,,,,
10/15/12,42.38,,,,,
10/12/12,41.62,,,,,
10/11/12,42.1,,,,,
10/10/12,41.77,,,,,
10/9/12,41.38,,,,,
10/8/12,41.66,,,,,
10/5/12,41.71,,,,,
10/4/12,41.82,,,,,
10/3/12,40.86,,,,,
10/2/12,40.92,,,,,
10/1/12,40.97,,,,,
9/28/12,40.48,,,,,
9/27/12,40.68,,,,,
9/26/12,40.24,,,,,
9/25/12,40.55,,,,,
9/24/12,41.23,,,,,
9/21/12,40.88,,,,,
9/20/12,41.25,,,,,
9/19/12,41.34,,,,,
9/18/12,41.26,,,,,
9/17/12,41.19,,,,,
9/14/12,41.57,,,,,
9/13/12,41.4,,,,,
9/12/12,39.92,,,,,
9/11/12,39.6,,,,,
9/10/12,38.76,,,,,
9/7/12,39.3,,,,,
9/6/12,38.69,,,,,
9/5/12,37.11,,,,,
9/4/12,37.01,,,,,
8/31/12,37.14,,,,,
8/30/12,36.9,,,,,
8/29/12,37.3,,,,,
8/28/12,37.13,,,,,
8/27/12,37.23,,,,,
8/24/12,37.17,,,,,
8/23/12,37.23,,,,,
8/22/12,37.83,,,,,
8/21/12,38.04,,,,,
8/20/12,37.37,,,,,
8/17/12,36.98,,,,,
8/16/12,37.1,,,,,
8/15/12,37.07,,,,,
8/14/12,37.1,,,,,
8/13/12,36.99,,,,,
8/10/12,36.97,,,,,
8/9/12,36.92,,,,,
8/8/12,37.16,,,,,
8/7/12,37.01,,,,,
8/6/12,36.3,,,,,
8/3/12,36.09,,,,,
8/2/12,35.17,,,,,
8/1/12,36,,,,,
7/31/12,36,,,,,
7/30/12,36.14,,,,,
7/27/12,36.89,,,,,
7/26/12,35.81,,,,,
7/25/12,35.17,,,,,
7/24/12,34.73,,,,,
7/23/12,34.44,,,,,
7/20/12,33.9,,,,,
7/19/12,34.46,,,,,
7/18/12,34.96,,,,,
7/17/12,34.99,,,,,
7/16/12,35.09,,,,,
7/13/12,36.07,,,,,
7/12/12,34.04,,,,,
7/11/12,34.59,,,,,
7/10/12,34.25,,,,,
7/9/12,33.96,,,,,
7/6/12,33.9,,,,,
7/5/12,34.38,,,,,
7/3/12,35.88,,,,,
7/2/12,36.28,,,,,
6/29/12,35.73,,,,,
6/28/12,35.88,,,,,
6/27/12,36.78,,,,,
6/26/12,35.71,,,,,
6/25/12,35.32,,,,,
6/22/12,35.99,,,,,
6/21/12,35.51,,,,,
6/20/12,36.45,,,,,
6/19/12,35.38,,,,,
6/18/12,34.62,,,,,
6/15/12,35.03,,,,,
6/14/12,34.65,,,,,
6/13/12,34.3,,,,,
6/12/12,33.77,,,,,
6/11/12,32.82,,,,,
6/8/12,33.68,,,,,
6/7/12,32.81,,,,,
6/6/12,33.07,,,,,
6/5/12,31.99,,,,,
6/4/12,31,,,,,
6/1/12,31.93,,,,,
5/31/12,33.15,,,,,
5/30/12,32.96,,,,,
5/29/12,33.63,,,,,
5/25/12,33.5,,,,,
5/24/12,33.97,,,,,
5/23/12,34.26,,,,,
5/22/12,34.01,,,,,
5/21/12,32.51,,,,,
5/18/12,33.49,,,,,
5/17/12,33.93,,,,,
5/16/12,35.46,,,,,
5/15/12,36.24,,,,,
5/14/12,35.79,,,,,
5/11/12,36.96,,,,,
5/10/12,40.74,,,,,
5/9/12,40.64,,,,,
5/8/12,41.38,,,,,
5/7/12,41.78,,,,,
5/4/12,41.75,,,,,
5/3/12,43.01,,,,,
5/2/12,43.2,,,,,
5/1/12,43.79,,,,,
4/30/12,42.98,,,,,
4/27/12,43.34,,,,,
4/26/12,43.8,,,,,
4/25/12,43.16,,,,,
4/24/12,43.28,,,,,
4/23/12,42.85,,,,,
4/20/12,42.72,,,,,
4/19/12,43.22,,,,,
4/18/12,43.29,,,,,
4/17/12,43.9,,,,,
4/16/12,43.33,,,,,
4/13/12,43.21,,,,,
4/12/12,44.84,,,,,
4/11/12,44.01,,,,,
4/10/12,42.96,,,,,
4/9/12,43.89,,,,,
4/5/12,44.34,,,,,
4/4/12,44.41,,,,,
4/3/12,45.42,,,,,
4/2/12,46.13,,,,,
3/30/12,45.98,,,,,
3/29/12,45.67,,,,,
3/28/12,46.27,,,,,
3/27/12,45.89,,,,,
3/26/12,46.17,,,,,
3/23/12,45.16,,,,,
3/22/12,44.65,,,,,
3/21/12,45.12,,,,,
3/20/12,45.38,,,,,
3/19/12,45,,,,,
3/16/12,44.57,,,,,
3/15/12,44.7,,,,,
3/14/12,43.58,,,,,
3/13/12,43.39,,,,,
3/12/12,40.54,,,,,
3/9/12,41.03,,,,,
3/8/12,40.44,,,,,
3/7/12,39.95,,,,,
3/6/12,39.32,,,,,
3/5/12,40.4,,,,,
3/2/12,40.63,,,,,
3/1/12,40.37,,,,,
2/29/12,39.24,,,,,
2/28/12,39.21,,,,,
2/27/12,39.06,,,,,
2/24/12,38.28,,,,,
2/23/12,38.49,,,,,
2/22/12,38.07,,,,,
2/21/12,38.46,,,,,
2/17/12,38.47,,,,,
2/16/12,38,,,,,
2/15/12,37.4,,,,,
2/14/12,37.92,,,,,
2/13/12,38.3,,,,,
2/10/12,37.61,,,,,
2/9/12,37.86,,,,,
2/8/12,38.3,,,,,
2/7/12,37.87,,,,,
2/6/12,38.14,,,,,
2/3/12,38.28,,,,,
2/2/12,37.55,,,,,
2/1/12,37.6,,,,,
1/31/12,37.3,,,,,
1/30/12,37.01,,,,,
1/27/12,37.21,,,,,
1/26/12,37.49,,,,,
1/25/12,37.6,,,,,
1/24/12,37.66,,,,,
1/23/12,37.66,,,,,
1/20/12,37.36,,,,,
1/19/12,36.93,,,,,
1/18/12,36.54,,,,,
1/17/12,34.91,,,,,
1/13/12,35.92,,,,,
1/12/12,36.85,,,,,
1/11/12,36.66,,,,,
1/10/12,36.05,,,,,
1/9/12,35.3,,,,,
1/6/12,35.36,,,,,
1/5/12,35.68,,,,,
1/4/12,34.95,,,,,
1/3/12,34.98,,,,,